,ts_code,trade_date,open,high,low,close,pre_close,change,pct_chg,vol,amount
0,000001.SZ,20230419,13.02,13.07,12.83,12.85,13.0,-0.15,-1.1538,1014378.15,1309536.002
1,000001.SZ,20230418,12.93,13.2,12.89,13.0,12.93,0.07,0.5414,1538936.15,2009934.875
2,000001.SZ,20230417,12.66,12.94,12.6,12.93,12.69,0.24,1.8913,1304212.59,1669357.649
3,000001.SZ,20230414,12.6,12.9,12.58,12.69,12.56,0.13,1.035,1297994.84,1653539.531
4,000001.SZ,20230413,12.41,12.67,12.3,12.56,12.48,0.08,0.641,1131591.46,1413919.037
5,000001.SZ,20230412,12.58,12.59,12.45,12.48,12.54,-0.06,-0.4785,909957.06,1136997.696
6,000001.SZ,20230411,12.7,12.72,12.52,12.54,12.68,-0.14,-1.1041,777779.62,978302.908
7,000001.SZ,20230410,12.64,12.7,12.58,12.68,12.62,0.06,0.4754,640181.81,809943.148
8,000001.SZ,20230407,12.57,12.69,12.5,12.62,12.58,0.04,0.318,607925.26,767354.797
9,000001.SZ,20230406,12.6,12.61,12.5,12.58,12.65,-0.07,-0.5534,563321.3,706480.66
10,000001.SZ,20230404,12.64,12.72,12.59,12.65,12.67,-0.02,-0.1579,647457.22,817726.527
11,000001.SZ,20230403,12.55,12.69,12.46,12.67,12.53,0.14,1.1173,740428.86,934285.179
12,000001.SZ,20230331,12.69,12.77,12.51,12.53,12.68,-0.15,-1.183,865491.66,1092263.437
13,000001.SZ,20230330,12.55,12.71,12.41,12.68,12.53,0.15,1.1971,824546.24,1035422.932
14,000001.SZ,20230329,12.73,12.74,12.5,12.53,12.64,-0.11,-0.8703,596064.33,750687.551
15,000001.SZ,20230328,12.66,12.73,12.55,12.64,12.6,0.04,0.3175,673868.43,851797.869
16,000001.SZ,20230327,12.8,12.81,12.46,12.6,12.82,-0.22,-1.7161,1008422.14,1266945.056
17,000001.SZ,20230324,12.85,12.86,12.76,12.82,12.9,-0.08,-0.6202,621518.75,796319.542
18,000001.SZ,20230323,12.7,12.9,12.63,12.9,12.79,0.11,0.86,804306.04,1029380.497
19,000001.SZ,20230322,12.75,12.88,12.71,12.79,12.7,0.09,0.7087,876690.77,1121080.753
20,000001.SZ,20230321,12.65,12.78,12.5,12.7,12.57,0.13,1.0342,840743.17,1060914.056
21,000001.SZ,20230320,12.76,12.85,12.55,12.57,12.75,-0.18,-1.4118,1188816.33,1505893.659
22,000001.SZ,20230317,12.99,13.04,12.65,12.75,12.82,-0.07,-0.546,1556814.14,2000832.408
23,000001.SZ,20230316,12.89,13.03,12.8,12.82,13.05,-0.23,-1.7625,916792.49,1182054.434
24,000001.SZ,20230315,13.05,13.18,12.94,13.05,12.87,0.18,1.3986,979363.72,1278262.225
25,000001.SZ,20230314,12.99,13.0,12.73,12.87,13.05,-0.18,-1.3793,1149075.58,1474124.199
26,000001.SZ,20230313,13.12,13.29,13.0,13.05,13.14,-0.09,-0.6849,1000634.96,1309490.079
27,000001.SZ,20230310,13.0,13.27,13.0,13.14,13.2,-0.06,-0.4545,856996.1,1128558.36
28,000001.SZ,20230309,13.54,13.58,13.13,13.2,13.53,-0.33,-2.439,1736064.76,2305765.842
29,000001.SZ,20230308,13.63,13.64,13.4,13.53,13.69,-0.16,-1.1687,1096897.91,1479838.98
30,000001.SZ,20230307,13.85,14.1,13.65,13.69,13.85,-0.16,-1.1552,1279266.29,1773654.737
31,000001.SZ,20230306,14.3,14.3,13.72,13.85,14.29,-0.44,-3.0791,1455824.14,2023954.547
32,000001.SZ,20230303,14.35,14.37,14.14,14.29,14.24,0.05,0.3511,690954.39,985552.121
33,000001.SZ,20230302,14.13,14.44,14.06,14.24,14.17,0.07,0.494,1015876.84,1447565.98
34,000001.SZ,20230301,13.8,14.19,13.74,14.17,13.78,0.39,2.8302,1223451.78,1719710.647
35,000001.SZ,20230228,13.75,13.85,13.61,13.78,13.69,0.09,0.6574,607935.92,833316.018
36,000001.SZ,20230227,13.75,13.88,13.68,13.69,13.86,-0.17,-1.2266,621461.93,854854.041
37,000001.SZ,20230224,14.02,14.03,13.8,13.86,14.05,-0.19,-1.3523,729989.04,1012652.972
38,000001.SZ,20230223,14.0,14.32,13.98,14.05,14.02,0.03,0.214,824490.68,1165539.851
39,000001.SZ,20230222,14.0,14.12,13.94,14.02,14.1,-0.08,-0.5674,638922.39,895742.534
40,000001.SZ,20230221,14.06,14.2,13.92,14.1,14.15,-0.05,-0.3534,990494.99,1393153.377
41,000001.SZ,20230220,13.5,14.15,13.49,14.15,13.43,0.72,5.3611,2116191.17,2945969.773
42,000001.SZ,20230217,13.63,13.72,13.43,13.43,13.6,-0.17,-1.25,918363.69,1246777.397
43,000001.SZ,20230216,13.68,13.91,13.5,13.6,13.67,-0.07,-0.5121,1279123.29,1757431.084
44,000001.SZ,20230215,13.95,13.96,13.62,13.67,13.96,-0.29,-2.0774,1250243.98,1713566.673
45,000001.SZ,20230214,13.85,13.98,13.8,13.96,13.82,0.14,1.013,909937.09,1263892.078
46,000001.SZ,20230213,13.94,13.94,13.6,13.82,13.98,-0.16,-1.1445,1800054.16,2473405.203
47,000001.SZ,20230210,14.1,14.12,13.86,13.98,14.13,-0.15,-1.0616,847283.66,1184283.386
48,000001.SZ,20230209,14.01,14.3,13.96,14.13,14.04,0.09,0.641,830350.02,1174361.963
49,000001.SZ,20230208,14.24,14.32,14.03,14.04,14.21,-0.17,-1.1963,657892.57,928708.934
50,000001.SZ,20230207,14.06,14.32,14.03,14.21,14.0,0.21,1.5,869460.46,1235297.763
51,000001.SZ,20230206,14.1,14.13,13.86,14.0,14.32,-0.32,-2.2346,1317610.1,1838428.709
52,000001.SZ,20230203,14.45,14.55,14.16,14.32,14.6,-0.28,-1.9178,1246382.98,1782105.891
53,000001.SZ,20230202,14.74,14.78,14.27,14.6,14.7,-0.1,-0.6803,1577900.39,2280744.883
54,000001.SZ,20230201,15.03,15.08,14.51,14.7,14.99,-0.29,-1.9346,1653421.48,2426471.973
55,000001.SZ,20230131,15.24,15.51,14.96,14.99,15.15,-0.16,-1.0561,1030497.84,1568639.326
56,000001.SZ,20230130,15.6,15.74,14.89,15.15,15.13,0.02,0.1322,1374317.5,2096867.649
57,000001.SZ,20230120,15.16,15.24,15.0,15.13,15.09,0.04,0.2651,608590.08,920144.806
58,000001.SZ,20230119,15.13,15.25,14.87,15.09,15.11,-0.02,-0.1324,641875.2,963744.633
59,000001.SZ,20230118,14.95,15.18,14.91,15.11,14.97,0.14,0.9352,718434.03,1083362.998
60,000001.SZ,20230117,15.13,15.18,14.77,14.97,15.08,-0.11,-0.7294,935834.54,1396151.515
61,000001.SZ,20230116,14.95,15.28,14.85,15.08,14.95,0.13,0.8696,1560039.89,2356399.993
62,000001.SZ,20230113,14.67,14.95,14.55,14.95,14.67,0.28,1.9087,949085.83,1407181.074
63,000001.SZ,20230112,14.77,14.77,14.53,14.67,14.67,0.0,0.0,625694.84,914367.7
64,000001.SZ,20230111,14.45,14.78,14.39,14.67,14.44,0.23,1.5928,830566.12,1217450.812
65,000001.SZ,20230110,14.76,14.89,14.39,14.44,14.8,-0.36,-2.4324,1269423.39,1851093.717
66,000001.SZ,20230109,14.75,14.88,14.52,14.8,14.62,0.18,1.2312,1057659.11,1561368.487
67,000001.SZ,20230106,14.5,14.72,14.48,14.62,14.48,0.14,0.9669,1195744.71,1747915.169
68,000001.SZ,20230105,14.4,14.74,14.37,14.48,14.32,0.16,1.1173,1665425.18,2417272.356
69,000001.SZ,20230104,13.71,14.42,13.63,14.32,13.77,0.55,3.9942,2189682.53,3110729.449
70,000001.SZ,20230103,13.2,13.85,13.05,13.77,13.16,0.61,4.6353,2194127.94,2971546.989
71,000001.SZ,20221230,13.04,13.28,12.96,13.16,13.03,0.13,0.9977,818035.98,1074756.754
72,000001.SZ,20221229,13.07,13.13,12.85,13.03,13.14,-0.11,-0.8371,666890.09,865144.967
73,000001.SZ,20221228,13.16,13.38,13.0,13.14,13.11,0.03,0.2288,791191.98,1042402.08
74,000001.SZ,20221227,12.87,13.22,12.87,13.11,12.77,0.34,2.6625,886004.12,1160090.119
75,000001.SZ,20221226,12.99,13.04,12.71,12.77,12.98,-0.21,-1.6179,797119.87,1021903.963
76,000001.SZ,20221223,12.85,13.06,12.8,12.98,12.95,0.03,0.2317,564426.41,730705.959
77,000001.SZ,20221222,13.0,13.15,12.9,12.95,12.89,0.06,0.4655,672394.3,876159.828
78,000001.SZ,20221221,12.85,12.99,12.74,12.89,12.76,0.13,1.0188,614589.64,791782.473
79,000001.SZ,20221220,12.97,13.08,12.67,12.76,13.04,-0.28,-2.1472,896212.23,1150630.681
80,000001.SZ,20221219,13.33,13.47,12.95,13.04,13.34,-0.3,-2.2489,1030866.06,1355435.567
81,000001.SZ,20221216,13.02,13.4,13.02,13.34,13.1,0.24,1.8321,924251.67,1225269.166
82,000001.SZ,20221215,13.14,13.28,12.94,13.1,13.23,-0.13,-0.9826,835349.26,1094434.006
83,000001.SZ,20221214,13.23,13.4,13.08,13.23,13.24,-0.01,-0.0755,974061.1,1287867.945
84,000001.SZ,20221213,13.15,13.36,13.14,13.24,13.11,0.13,0.9916,902285.13,1194285.343
85,000001.SZ,20221212,13.58,13.58,13.06,13.11,13.7,-0.59,-4.3066,1392584.28,1848277.967
86,000001.SZ,20221209,13.4,13.75,13.35,13.7,13.36,0.34,2.5449,1615831.92,2197501.649
87,000001.SZ,20221208,13.15,13.52,13.12,13.36,13.15,0.21,1.597,1065722.8,1422047.905
88,000001.SZ,20221207,13.33,13.37,13.03,13.15,13.43,-0.28,-2.0849,1377376.9,1815667.663
89,000001.SZ,20221206,13.34,13.66,13.25,13.43,13.53,-0.1,-0.7391,1252578.91,1680593.516
90,000001.SZ,20221205,13.09,13.57,13.01,13.53,12.9,0.63,4.8837,2287627.42,3057231.973
91,000001.SZ,20221202,13.14,13.15,12.69,12.9,13.1,-0.2,-1.5267,1404202.78,1803658.762
92,000001.SZ,20221201,13.38,13.66,13.07,13.1,13.03,0.07,0.5372,2002688.83,2658203.027
93,000001.SZ,20221130,12.9,13.34,12.82,13.03,12.99,0.04,0.3079,3209628.3,4206404.173
94,000001.SZ,20221129,12.16,12.99,12.13,12.99,11.81,1.18,9.9915,4749276.5,6026006.642
95,000001.SZ,20221128,11.9,11.92,11.69,11.81,12.17,-0.36,-2.9581,1331562.95,1568351.12
96,000001.SZ,20221125,11.79,12.23,11.77,12.17,11.77,0.4,3.3985,1760728.17,2130171.605
97,000001.SZ,20221124,11.92,11.99,11.69,11.77,11.82,-0.05,-0.423,796718.82,941002.373
98,000001.SZ,20221123,11.78,12.05,11.72,11.82,11.82,0.0,0.0,1247656.53,1483352.652
99,000001.SZ,20221122,11.46,11.93,11.44,11.82,11.46,0.36,3.1414,1491323.88,1748727.407
100,000001.SZ,20221121,11.48,11.5,11.22,11.46,11.59,-0.13,-1.1217,1047737.07,1189388.618
101,000001.SZ,20221118,11.74,11.78,11.57,11.59,11.69,-0.1,-0.8554,868093.29,1011078.68
102,000001.SZ,20221117,11.81,11.84,11.58,11.69,11.82,-0.13,-1.0998,1091047.16,1273790.881
103,000001.SZ,20221116,11.97,12.05,11.79,11.82,12.01,-0.19,-1.582,1278692.88,1519133.932
104,000001.SZ,20221115,11.86,12.18,11.83,12.01,11.95,0.06,0.5021,1573901.34,1891249.648
105,000001.SZ,20221114,11.7,12.28,11.7,11.95,11.43,0.52,4.5494,3872084.1,4637823.414
106,000001.SZ,20221111,11.13,11.66,11.01,11.43,10.87,0.56,5.1518,2545070.55,2878557.392
107,000001.SZ,20221110,10.79,10.9,10.69,10.87,10.89,-0.02,-0.1837,552021.19,596916.589
108,000001.SZ,20221109,10.84,11.08,10.82,10.89,10.85,0.04,0.3687,832106.85,911153.622
109,000001.SZ,20221108,10.89,10.92,10.78,10.85,10.88,-0.03,-0.2757,583222.05,632835.805
110,000001.SZ,20221107,10.81,10.91,10.73,10.88,10.82,0.06,0.5545,988082.04,1070554.833
111,000001.SZ,20221104,10.4,10.85,10.39,10.82,10.44,0.38,3.6398,1776112.23,1903720.944
112,000001.SZ,20221103,10.54,10.57,10.38,10.44,10.63,-0.19,-1.7874,983535.61,1028904.286
113,000001.SZ,20221102,10.61,10.68,10.48,10.63,10.67,-0.04,-0.3749,1302988.18,1377816.22
114,000001.SZ,20221101,10.38,10.68,10.36,10.67,10.34,0.33,3.1915,1381234.13,1459758.367
115,000001.SZ,20221031,10.33,10.45,10.22,10.34,10.42,-0.08,-0.7678,983095.69,1016230.012
116,000001.SZ,20221028,10.63,10.7,10.41,10.42,10.68,-0.26,-2.4345,1057947.01,1114999.302
117,000001.SZ,20221027,10.7,10.77,10.66,10.68,10.66,0.02,0.1876,957383.46,1024868.047
118,000001.SZ,20221026,10.64,10.73,10.61,10.66,10.65,0.01,0.0939,1143829.88,1220733.278
119,000001.SZ,20221025,10.7,10.81,10.6,10.65,10.62,0.03,0.2825,1316979.4,1406437.766
120,000001.SZ,20221024,11.09,11.1,10.61,10.62,11.09,-0.47,-4.2381,1383390.65,1496043.94
121,000001.SZ,20221021,11.21,11.25,11.07,11.09,11.2,-0.11,-0.9821,785574.29,876648.491
122,000001.SZ,20221020,11.23,11.31,11.16,11.2,11.29,-0.09,-0.7972,781923.23,876967.151
123,000001.SZ,20221019,11.42,11.49,11.28,11.29,11.48,-0.19,-1.6551,923989.68,1049700.767
124,000001.SZ,20221018,11.55,11.64,11.46,11.48,11.48,0.0,0.0,946837.09,1091646.644
125,000001.SZ,20221017,11.42,11.52,11.34,11.48,11.53,-0.05,-0.4337,1024822.71,1171523.55
126,000001.SZ,20221014,11.45,11.63,11.4,11.53,11.34,0.19,1.6755,1096061.58,1265486.55
127,000001.SZ,20221013,11.51,11.54,11.31,11.34,11.6,-0.26,-2.2414,852615.97,970021.739
128,000001.SZ,20221012,11.45,11.62,11.35,11.6,11.48,0.12,1.0453,559572.43,641776.509
129,000001.SZ,20221011,11.54,11.58,11.41,11.48,11.47,0.01,0.0872,415253.37,476749.227
130,000001.SZ,20221010,11.7,11.77,11.46,11.47,11.84,-0.37,-3.125,966080.18,1119089.731
131,000001.SZ,20220930,11.87,11.96,11.83,11.84,11.86,-0.02,-0.1686,537230.19,638906.948
132,000001.SZ,20220929,12.25,12.28,11.82,11.86,12.11,-0.25,-2.0644,917718.04,1100405.198
133,000001.SZ,20220928,12.09,12.25,11.92,12.11,12.15,-0.04,-0.3292,780925.58,946211.767
134,000001.SZ,20220927,12.0,12.16,11.81,12.15,12.0,0.15,1.25,789622.29,946732.994
135,000001.SZ,20220926,12.16,12.28,11.99,12.0,12.29,-0.29,-2.3596,903729.04,1094060.839
136,000001.SZ,20220923,12.24,12.43,12.23,12.29,12.29,0.0,0.0,586441.06,722703.128
137,000001.SZ,20220922,12.33,12.36,12.25,12.29,12.43,-0.14,-1.1263,586133.38,720058.21
138,000001.SZ,20220921,12.31,12.48,12.2,12.43,12.34,0.09,0.7293,684197.39,845477.182
139,000001.SZ,20220920,12.61,12.63,12.32,12.34,12.57,-0.23,-1.8298,889988.53,1102212.204
140,000001.SZ,20220919,12.54,12.67,12.48,12.57,12.56,0.01,0.0796,632121.04,793491.306
141,000001.SZ,20220916,12.92,12.95,12.56,12.56,13.0,-0.44,-3.3846,1357447.81,1719252.822
142,000001.SZ,20220915,12.8,13.1,12.77,13.0,12.73,0.27,2.121,1841017.88,2393239.453
143,000001.SZ,20220914,12.75,12.87,12.7,12.73,12.95,-0.22,-1.6988,858035.84,1095054.829
144,000001.SZ,20220913,12.88,13.02,12.66,12.95,12.72,0.23,1.8082,1722689.89,2223707.38
145,000001.SZ,20220909,12.4,12.74,12.36,12.72,12.36,0.36,2.9126,1951297.31,2469131.334
146,000001.SZ,20220908,12.32,12.44,12.3,12.36,12.33,0.03,0.2433,621116.92,768913.484
147,000001.SZ,20220907,12.42,12.42,12.28,12.33,12.5,-0.17,-1.36,979812.81,1208329.759
148,000001.SZ,20220906,12.58,12.66,12.43,12.5,12.57,-0.07,-0.5569,731294.99,914692.184
149,000001.SZ,20220905,12.46,12.6,12.37,12.57,12.51,0.06,0.4796,632039.98,788451.089
150,000001.SZ,20220902,12.62,12.69,12.43,12.51,12.61,-0.1,-0.793,786362.81,983433.863
151,000001.SZ,20220901,12.65,12.79,12.58,12.61,12.75,-0.14,-1.098,861981.95,1092666.277
152,000001.SZ,20220831,12.38,12.78,12.36,12.75,12.48,0.27,2.1635,1653041.58,2091408.315
153,000001.SZ,20220830,12.43,12.54,12.28,12.48,12.42,0.06,0.4831,799712.38,991447.627
154,000001.SZ,20220829,12.5,12.56,12.31,12.42,12.61,-0.19,-1.5067,924490.65,1145189.174
155,000001.SZ,20220826,12.68,12.75,12.46,12.61,12.62,-0.01,-0.0792,927634.26,1168951.099
156,000001.SZ,20220825,12.4,12.66,12.3,12.62,12.4,0.22,1.7742,1064010.61,1329230.362
157,000001.SZ,20220824,12.33,12.54,12.33,12.4,12.34,0.06,0.4862,1295375.33,1613309.589
158,000001.SZ,20220823,12.45,12.49,12.28,12.34,12.5,-0.16,-1.28,921463.07,1137300.431
159,000001.SZ,20220822,12.58,12.68,12.41,12.5,12.57,-0.07,-0.5569,1138076.58,1423361.879
160,000001.SZ,20220819,12.27,12.75,12.23,12.57,12.25,0.32,2.6122,2106417.24,2653471.09
161,000001.SZ,20220818,12.48,12.54,12.16,12.25,12.4,-0.15,-1.2097,1269700.94,1560630.568
162,000001.SZ,20220817,12.15,12.42,12.07,12.4,12.13,0.27,2.2259,1348506.58,1656961.619
163,000001.SZ,20220816,12.11,12.2,12.1,12.13,12.11,0.02,0.1652,631223.7,765907.219
164,000001.SZ,20220815,12.29,12.36,12.09,12.11,12.38,-0.27,-2.1809,1172010.0,1425087.455
165,000001.SZ,20220812,12.26,12.41,12.2,12.38,12.35,0.03,0.2429,820503.56,1010612.433
166,000001.SZ,20220811,12.08,12.39,12.04,12.35,12.06,0.29,2.4046,1399303.61,1710719.478
167,000001.SZ,20220810,12.12,12.24,12.02,12.06,12.12,-0.06,-0.495,683023.21,825806.008
168,000001.SZ,20220809,12.21,12.22,12.08,12.12,12.2,-0.08,-0.6557,558447.57,677098.633
169,000001.SZ,20220808,12.25,12.36,12.16,12.2,12.31,-0.11,-0.8936,551999.69,674950.921
170,000001.SZ,20220805,12.13,12.33,11.98,12.31,12.16,0.15,1.2336,765297.87,930836.354
171,000001.SZ,20220804,12.1,12.17,12.02,12.16,12.03,0.13,1.0806,602675.62,729351.71
172,000001.SZ,20220803,12.19,12.27,12.01,12.03,12.26,-0.23,-1.876,746136.53,905653.325
173,000001.SZ,20220802,12.22,12.34,11.94,12.26,12.42,-0.16,-1.2882,1373009.3,1664397.666
174,000001.SZ,20220801,12.66,12.66,12.4,12.42,12.68,-0.26,-2.0505,1025732.71,1277987.01
175,000001.SZ,20220729,12.88,12.9,12.65,12.68,12.88,-0.2,-1.5528,831497.47,1059518.585
176,000001.SZ,20220728,12.81,12.91,12.78,12.88,12.79,0.09,0.7037,750346.52,964903.658
177,000001.SZ,20220727,12.85,12.88,12.73,12.79,12.91,-0.12,-0.9295,923914.08,1182889.761
178,000001.SZ,20220726,12.75,12.91,12.71,12.91,12.82,0.09,0.702,1024048.81,1314310.442
179,000001.SZ,20220725,12.8,12.85,12.67,12.82,12.81,0.01,0.0781,763955.81,976071.707
180,000001.SZ,20220722,12.84,12.93,12.62,12.81,12.78,0.03,0.2347,1376509.74,1755555.714
181,000001.SZ,20220721,13.32,13.34,12.99,13.01,13.39,-0.38,-2.8379,1970387.89,2588696.13
182,000001.SZ,20220720,13.43,13.47,13.35,13.39,13.42,-0.03,-0.2235,801458.66,1073936.3
183,000001.SZ,20220719,13.34,13.43,13.28,13.42,13.39,0.03,0.224,755597.1,1008562.417
184,000001.SZ,20220718,13.25,13.44,13.21,13.39,13.24,0.15,1.1329,1153505.81,1536340.973
185,000001.SZ,20220715,13.48,13.56,13.22,13.24,13.37,-0.13,-0.9723,1598637.4,2139915.274
186,000001.SZ,20220714,13.7,13.71,13.29,13.37,13.97,-0.6,-4.2949,2632120.87,3534578.702
187,000001.SZ,20220713,14.42,14.47,13.89,13.97,14.42,-0.45,-3.1207,2175996.06,3056913.118
188,000001.SZ,20220712,14.41,14.73,14.38,14.42,14.46,-0.04,-0.2766,742882.42,1078431.99
189,000001.SZ,20220711,14.5,14.57,14.36,14.46,14.54,-0.08,-0.5502,611691.94,883613.754
190,000001.SZ,20220708,14.5,14.65,14.37,14.54,14.42,0.12,0.8322,639698.23,928850.349
191,000001.SZ,20220707,14.54,14.65,14.38,14.42,14.53,-0.11,-0.7571,730160.98,1057696.547
192,000001.SZ,20220706,14.83,14.93,14.46,14.53,14.91,-0.38,-2.5486,1043335.23,1520022.515
193,000001.SZ,20220705,14.99,15.27,14.82,14.91,14.94,-0.03,-0.2008,1115172.1,1674719.025
194,000001.SZ,20220704,14.95,14.98,14.75,14.94,14.92,0.02,0.134,834968.07,1241453.402
195,000001.SZ,20220701,15.0,15.07,14.84,14.92,14.98,-0.06,-0.4005,779243.32,1164030.776
196,000001.SZ,20220630,14.63,15.02,14.55,14.98,14.64,0.34,2.3224,1548745.01,2304888.692
197,000001.SZ,20220629,14.65,14.9,14.55,14.64,14.63,0.01,0.0684,1266547.28,1865064.678
198,000001.SZ,20220628,14.47,14.67,14.41,14.63,14.49,0.14,0.9662,1125110.48,1638673.242
199,000001.SZ,20220627,14.24,14.56,14.22,14.49,14.23,0.26,1.8271,1497278.18,2166380.438
200,000001.SZ,20220624,14.2,14.25,14.11,14.23,14.2,0.03,0.2113,866040.61,1227798.687
201,000001.SZ,20220623,14.09,14.23,14.06,14.2,14.08,0.12,0.8523,806028.03,1140899.092
202,000001.SZ,20220622,14.36,14.36,14.08,14.08,14.37,-0.29,-2.0181,1056045.92,1498415.784
203,000001.SZ,20220621,14.34,14.63,14.23,14.37,14.34,0.03,0.2092,1321793.98,1905346.057
204,000001.SZ,20220620,14.44,14.44,14.26,14.34,14.45,-0.11,-0.7612,1032166.8,1479529.787
205,000001.SZ,20220617,14.32,14.53,14.2,14.45,14.44,0.01,0.0693,1053787.94,1513925.914
206,000001.SZ,20220616,14.74,14.83,14.42,14.44,14.74,-0.3,-2.0353,1332546.31,1939976.255
207,000001.SZ,20220615,14.1,15.11,14.06,14.74,14.12,0.62,4.3909,3413543.71,5010292.727
208,000001.SZ,20220614,13.71,14.13,13.71,14.12,13.91,0.21,1.5097,1151429.39,1602169.898
209,000001.SZ,20220613,14.18,14.19,13.88,13.91,14.32,-0.41,-2.8631,1547752.85,2163340.109
210,000001.SZ,20220610,14.26,14.33,14.13,14.32,14.35,-0.03,-0.2091,1346012.31,1914639.698
211,000001.SZ,20220609,14.14,14.46,14.1,14.35,14.16,0.19,1.3418,1632901.34,2339986.708
212,000001.SZ,20220608,14.16,14.17,14.01,14.16,14.16,0.0,0.0,1145521.24,1613524.958
213,000001.SZ,20220607,14.02,14.25,13.99,14.16,14.17,-0.01,-0.0706,1315112.62,1860366.716
214,000001.SZ,20220606,13.91,14.17,13.64,14.17,13.95,0.22,1.5771,1710851.75,2370807.61
215,000001.SZ,20220602,14.02,14.03,13.88,13.95,14.08,-0.13,-0.9233,979268.22,1363740.798
216,000001.SZ,20220601,14.14,14.14,14.0,14.08,14.16,-0.08,-0.565,845298.98,1187423.732
217,000001.SZ,20220531,14.07,14.18,14.0,14.16,14.08,0.08,0.5682,938868.55,1325012.048
218,000001.SZ,20220530,14.26,14.28,14.04,14.08,14.18,-0.1,-0.7052,896901.23,1265573.048
219,000001.SZ,20220527,14.29,14.35,14.11,14.18,14.19,-0.01,-0.0705,723066.74,1029702.186
220,000001.SZ,20220526,14.41,14.43,14.07,14.19,14.39,-0.2,-1.3899,1011317.56,1435689.342
221,000001.SZ,20220525,14.43,14.49,14.3,14.39,14.4,-0.01,-0.0694,603228.26,866228.924
222,000001.SZ,20220524,14.87,14.87,14.4,14.4,14.83,-0.43,-2.8995,933557.06,1358693.535
223,000001.SZ,20220523,15.07,15.07,14.76,14.83,15.02,-0.19,-1.265,647725.92,962683.729
224,000001.SZ,20220520,14.7,15.04,14.67,15.02,14.62,0.4,2.736,948597.78,1415164.711
225,000001.SZ,20220519,14.55,14.7,14.5,14.62,14.75,-0.13,-0.8814,590921.72,863214.131
226,000001.SZ,20220518,14.85,14.89,14.67,14.75,14.71,0.04,0.2719,778578.33,1150500.438
227,000001.SZ,20220517,14.51,14.72,14.32,14.71,14.41,0.3,2.0819,931406.39,1357428.407
228,000001.SZ,20220516,14.66,14.73,14.35,14.41,14.61,-0.2,-1.3689,668227.82,965652.298
229,000001.SZ,20220513,14.5,14.66,14.49,14.61,14.38,0.23,1.5994,676311.91,985962.932
230,000001.SZ,20220512,14.48,14.56,14.33,14.38,14.63,-0.25,-1.7088,685064.23,987061.607
231,000001.SZ,20220511,14.54,14.84,14.44,14.63,14.59,0.04,0.2742,848573.62,1240700.426
232,000001.SZ,20220510,14.5,14.6,14.11,14.59,14.55,0.04,0.2749,992285.02,1425836.927
233,000001.SZ,20220509,14.94,14.94,14.46,14.55,14.96,-0.41,-2.7406,818621.35,1197104.247
234,000001.SZ,20220506,15.02,15.2,14.91,14.96,15.32,-0.36,-2.3499,832431.82,1250995.594
235,000001.SZ,20220505,15.2,15.45,15.15,15.32,15.32,0.0,0.0,790196.2,1208735.141
236,000001.SZ,20220429,15.69,15.74,14.97,15.32,15.65,-0.33,-2.1086,1645013.08,2503476.827
237,000001.SZ,20220428,15.57,15.93,15.37,15.65,15.65,0.0,0.0,911771.87,1426381.925
238,000001.SZ,20220427,14.98,15.65,14.96,15.65,14.73,0.92,6.2458,1490295.03,2296798.759
239,000001.SZ,20220426,14.88,14.98,14.45,14.73,14.85,-0.12,-0.8081,988209.56,1456929.632
240,000001.SZ,20220425,15.67,15.91,14.78,14.85,16.06,-1.21,-7.5342,1664480.98,2527610.217
241,000001.SZ,20220422,15.64,16.19,15.4,16.06,15.81,0.25,1.5813,921274.08,1468452.957
242,000001.SZ,20220421,15.77,15.98,15.7,15.81,15.85,-0.04,-0.2524,709891.16,1124663.651
243,000001.SZ,20220420,15.81,16.05,15.7,15.85,15.81,0.04,0.253,716555.28,1137697.846
244,000001.SZ,20220419,15.9,15.97,15.62,15.81,15.9,-0.09,-0.566,821772.49,1294226.951
245,000001.SZ,20220418,16.15,16.2,15.81,15.9,16.42,-0.52,-3.1669,1086887.56,1734236.523
246,000001.SZ,20220415,15.9,16.53,15.86,16.42,16.04,0.38,2.3691,1231761.03,2014010.094
247,000001.SZ,20220414,16.0,16.25,15.92,16.04,15.8,0.24,1.519,929614.94,1493343.952
248,000001.SZ,20220413,15.89,16.08,15.72,15.8,15.92,-0.12,-0.7538,890628.06,1415496.125
249,000001.SZ,20220412,16.05,16.26,15.66,15.92,16.05,-0.13,-0.81,1039261.42,1654820.082
250,000001.SZ,20220411,16.35,16.4,15.8,16.05,16.4,-0.35,-2.1341,1416735.36,2277469.055
251,000001.SZ,20220408,16.26,16.45,16.13,16.4,16.28,0.12,0.7371,1066779.46,1741072.072
252,000001.SZ,20220407,16.38,16.66,16.2,16.28,16.39,-0.11,-0.6711,1659064.55,2724002.904
253,000001.SZ,20220406,15.64,16.54,15.63,16.39,15.75,0.64,4.0635,2488540.05,4064051.491
254,000001.SZ,20220401,15.37,15.79,15.2,15.75,15.38,0.37,2.4057,1484878.74,2319616.863
255,000001.SZ,20220331,15.1,15.57,15.06,15.38,15.21,0.17,1.1177,1163746.74,1789209.946
256,000001.SZ,20220330,14.86,15.27,14.76,15.21,14.68,0.53,3.6104,1236791.55,1859617.04
257,000001.SZ,20220329,14.88,14.95,14.6,14.68,14.85,-0.17,-1.1448,615643.15,909169.631
258,000001.SZ,20220328,14.8,15.05,14.63,14.85,14.98,-0.13,-0.8678,727136.99,1078327.302
259,000001.SZ,20220325,15.15,15.25,14.82,14.98,15.2,-0.22,-1.4474,742933.35,1116354.595
260,000001.SZ,20220324,14.92,15.31,14.81,15.2,15.0,0.2,1.3333,1002359.95,1518870.08
261,000001.SZ,20220323,15.11,15.19,14.9,15.0,15.18,-0.18,-1.1858,1050102.38,1577561.341
262,000001.SZ,20220322,14.59,15.22,14.5,15.18,14.59,0.59,4.0439,1628656.58,2443174.055
263,000001.SZ,20220321,14.5,14.82,14.39,14.59,14.7,-0.11,-0.7483,1208868.05,1765673.892
264,000001.SZ,20220318,14.36,14.85,14.14,14.7,14.45,0.25,1.7301,1528807.13,2222158.762
265,000001.SZ,20220317,14.66,14.71,14.24,14.45,14.31,0.14,0.9783,1730061.42,2506504.217
266,000001.SZ,20220316,13.86,14.4,13.51,14.31,13.68,0.63,4.6053,1531779.06,2141637.065
267,000001.SZ,20220315,14.4,14.4,13.6,13.68,14.49,-0.81,-5.5901,1781408.87,2479769.555
268,000001.SZ,20220314,14.63,14.93,14.45,14.49,14.9,-0.41,-2.7517,1118407.34,1637278.471
269,000001.SZ,20220311,14.4,14.98,14.15,14.9,14.57,0.33,2.2649,1493646.97,2187480.61
270,000001.SZ,20220310,14.18,14.75,14.09,14.57,13.84,0.73,5.2746,2249158.16,3269867.788
271,000001.SZ,20220309,14.4,14.45,13.22,13.84,14.31,-0.47,-3.2844,1800760.17,2492042.993
272,000001.SZ,20220308,14.62,14.86,14.25,14.31,14.72,-0.41,-2.7853,1003032.69,1463145.93
273,000001.SZ,20220307,15.17,15.17,14.66,14.72,15.33,-0.61,-3.9791,1113158.99,1655959.941
274,000001.SZ,20220304,15.62,15.63,15.28,15.33,15.71,-0.38,-2.4188,990935.66,1523793.664
275,000001.SZ,20220303,15.73,15.81,15.63,15.71,15.68,0.03,0.1913,578285.05,908171.588
276,000001.SZ,20220302,15.79,15.87,15.66,15.68,15.92,-0.24,-1.5075,760760.86,1196321.948
277,000001.SZ,20220301,15.79,15.95,15.62,15.92,15.75,0.17,1.0794,935040.34,1474693.965
278,000001.SZ,20220228,15.9,15.92,15.62,15.75,15.9,-0.15,-0.9434,723990.45,1137154.094
279,000001.SZ,20220225,15.99,16.08,15.87,15.9,15.91,-0.01,-0.0629,726397.07,1157890.268
280,000001.SZ,20220224,16.13,16.15,15.8,15.91,16.19,-0.28,-1.7295,1324086.85,2112842.553
281,000001.SZ,20220223,16.3,16.31,16.04,16.19,16.23,-0.04,-0.2465,886742.44,1431289.852
282,000001.SZ,20220222,16.31,16.44,16.16,16.23,16.51,-0.28,-1.6959,894956.73,1454156.224
283,000001.SZ,20220221,16.66,16.67,16.32,16.51,16.77,-0.26,-1.5504,800994.55,1316023.718
284,000001.SZ,20220218,16.32,16.77,16.31,16.77,16.42,0.35,2.1315,802499.4,1330233.365
285,000001.SZ,20220217,16.39,16.55,16.32,16.42,16.41,0.01,0.0609,794501.84,1306514.349
286,000001.SZ,20220216,16.35,16.53,16.21,16.41,16.28,0.13,0.7985,782399.59,1282234.15
287,000001.SZ,20220215,16.5,16.67,16.1,16.28,16.58,-0.3,-1.8094,1208264.37,1968985.378
288,000001.SZ,20220214,17.1,17.15,16.51,16.58,17.1,-0.52,-3.0409,1150658.51,1917613.419
289,000001.SZ,20220211,17.03,17.34,17.03,17.1,16.99,0.11,0.6474,1078139.14,1852167.493
290,000001.SZ,20220210,16.77,17.03,16.67,16.99,16.86,0.13,0.7711,784557.35,1326848.947
291,000001.SZ,20220209,16.92,17.0,16.71,16.86,16.83,0.03,0.1783,1051161.66,1774253.636
292,000001.SZ,20220208,16.3,16.97,16.26,16.83,16.39,0.44,2.6846,1754695.28,2950309.012
293,000001.SZ,20220207,16.02,16.41,15.89,16.39,15.83,0.56,3.5376,1515476.3,2451798.485
294,000001.SZ,20220128,16.39,16.45,15.82,15.83,16.3,-0.47,-2.8834,1675563.67,2695470.33
295,000001.SZ,20220127,16.5,16.54,16.25,16.3,16.65,-0.35,-2.1021,1024643.11,1677261.296
296,000001.SZ,20220126,16.95,17.1,16.54,16.65,16.85,-0.2,-1.1869,984975.22,1646384.984
297,000001.SZ,20220125,17.08,17.08,16.81,16.85,17.2,-0.35,-2.0349,1093283.97,1851999.025
298,000001.SZ,20220124,17.34,17.38,16.98,17.2,17.35,-0.15,-0.8646,874770.87,1501390.339
299,000001.SZ,20220121,17.45,17.56,17.21,17.35,17.33,0.02,0.1154,1481682.95,2575115.124
300,000001.SZ,20220120,16.47,17.46,16.42,17.33,16.5,0.83,5.0303,3031193.77,5195805.549
301,000001.SZ,20220119,16.54,16.69,16.36,16.5,16.52,-0.02,-0.1211,988391.85,1630973.587
302,000001.SZ,20220118,16.25,16.54,16.16,16.52,16.22,0.3,1.8496,1152974.31,1891094.61
303,000001.SZ,20220117,16.35,16.48,16.12,16.22,16.33,-0.11,-0.6736,1143689.43,1855633.789
304,000001.SZ,20220114,17.0,17.02,16.3,16.33,16.98,-0.65,-3.828,2103094.91,3459950.804
305,000001.SZ,20220113,16.91,17.24,16.82,16.98,17.0,-0.02,-0.1176,909422.65,1550319.158
306,000001.SZ,20220112,17.41,17.45,16.9,17.0,17.41,-0.41,-2.355,1502163.55,2561266.412
307,000001.SZ,20220111,17.26,17.54,17.14,17.41,17.19,0.22,1.2798,1581999.4,2752485.391
308,000001.SZ,20220110,17.29,17.42,17.03,17.19,17.2,-0.01,-0.0581,909774.01,1563414.572
309,000001.SZ,20220107,17.1,17.28,17.06,17.2,17.12,0.08,0.4673,1126630.7,1937710.958
310,000001.SZ,20220106,17.11,17.27,17.0,17.12,17.15,-0.03,-0.1749,1107885.19,1896535.837
311,000001.SZ,20220105,16.58,17.22,16.55,17.15,16.66,0.49,2.9412,1961998.17,3344124.589
312,000001.SZ,20220104,16.48,16.66,16.18,16.66,16.48,0.18,1.0922,1169259.33,1918887.05
313,000001.SZ,20211231,16.86,16.9,16.4,16.48,16.82,-0.34,-2.0214,1750760.89,2899617.148
314,000001.SZ,20211230,16.76,16.95,16.72,16.82,16.75,0.07,0.4179,796663.6,1342374.249
315,000001.SZ,20211229,17.16,17.16,16.7,16.75,17.17,-0.42,-2.4461,1469373.98,2480534.592
316,000001.SZ,20211228,17.22,17.33,17.09,17.17,17.22,-0.05,-0.2904,1126638.91,1934461.075
317,000001.SZ,20211227,17.33,17.35,17.16,17.22,17.31,-0.09,-0.5199,731118.99,1260455.319
318,000001.SZ,20211224,17.33,17.35,17.21,17.31,17.32,-0.01,-0.0577,488251.49,843109.664
319,000001.SZ,20211223,17.4,17.43,17.21,17.32,17.39,-0.07,-0.4025,1059575.94,1831122.716
320,000001.SZ,20211222,17.62,17.64,17.3,17.39,17.59,-0.2,-1.137,976927.75,1701772.583
321,000001.SZ,20211221,17.49,17.71,17.48,17.59,17.52,0.07,0.3995,893734.04,1572895.581
322,000001.SZ,20211220,17.56,17.65,17.45,17.52,17.57,-0.05,-0.2846,746435.2,1309029.268
323,000001.SZ,20211217,17.7,17.75,17.57,17.57,17.72,-0.15,-0.8465,602369.67,1062875.482
324,000001.SZ,20211216,17.55,17.73,17.46,17.72,17.55,0.17,0.9687,819479.51,1445483.375
325,000001.SZ,20211215,17.51,17.66,17.4,17.55,17.58,-0.03,-0.1706,1294627.41,2269821.045
326,000001.SZ,20211214,18.16,18.17,17.52,17.58,18.27,-0.69,-3.7767,1937208.9,3434156.327
327,000001.SZ,20211213,18.47,18.88,18.18,18.27,18.38,-0.11,-0.5985,1314490.27,2427803.721
328,000001.SZ,20211210,18.51,18.7,18.27,18.38,18.7,-0.32,-1.7112,989255.13,1824076.523
329,000001.SZ,20211209,18.49,19.06,18.37,18.7,18.47,0.23,1.2453,1455886.68,2726663.443
330,000001.SZ,20211208,18.45,18.55,18.16,18.47,18.46,0.01,0.0542,980281.18,1798691.052
331,000001.SZ,20211207,18.3,18.67,18.15,18.46,18.1,0.36,1.989,1616443.87,2979968.976
332,000001.SZ,20211206,17.85,18.56,17.8,18.1,17.65,0.45,2.5496,2145625.28,3896385.171
333,000001.SZ,20211203,17.64,17.7,17.41,17.65,17.59,0.06,0.3411,707599.74,1242375.057
334,000001.SZ,20211202,17.62,17.81,17.37,17.59,17.64,-0.05,-0.2834,994798.35,1749164.558
335,000001.SZ,20211201,17.43,17.77,17.37,17.64,17.44,0.2,1.1468,706925.19,1243666.842
336,000001.SZ,20211130,17.54,17.68,17.35,17.44,17.51,-0.07,-0.3998,733616.06,1280384.552
337,000001.SZ,20211129,17.41,17.57,17.36,17.51,17.58,-0.07,-0.3982,512594.71,895105.981
338,000001.SZ,20211126,17.62,17.67,17.52,17.58,17.68,-0.1,-0.5656,694499.88,1219937.312
339,000001.SZ,20211125,17.74,17.79,17.63,17.68,17.87,-0.19,-1.0632,603532.7,1068221.304
340,000001.SZ,20211124,17.77,17.95,17.66,17.87,17.88,-0.01,-0.0559,741310.84,1316774.397
341,000001.SZ,20211123,18.11,18.35,17.68,17.88,18.12,-0.24,-1.3245,1235977.96,2213817.59
342,000001.SZ,20211122,18.03,18.25,17.9,18.12,18.15,-0.03,-0.1653,738617.8,1337768.172
343,000001.SZ,20211119,17.8,18.24,17.7,18.15,17.8,0.35,1.9663,786371.56,1414506.38
344,000001.SZ,20211118,18.09,18.12,17.73,17.8,18.11,-0.31,-1.7118,799843.77,1430058.311
345,000001.SZ,20211117,18.15,18.3,17.98,18.11,18.22,-0.11,-0.6037,664640.38,1203859.18
346,000001.SZ,20211116,18.36,18.54,18.17,18.22,18.43,-0.21,-1.1394,601110.48,1099113.409
347,000001.SZ,20211115,18.35,18.63,18.2,18.43,18.27,0.16,0.8758,655089.99,1203764.095
348,000001.SZ,20211112,18.31,18.63,18.11,18.27,18.35,-0.08,-0.436,957546.46,1753072.716
349,000001.SZ,20211111,17.35,18.43,17.32,18.35,17.4,0.95,5.4598,2084729.0,3752413.858
350,000001.SZ,20211110,17.46,17.47,17.16,17.4,17.53,-0.13,-0.7416,1220850.88,2109735.147
351,000001.SZ,20211109,17.48,17.65,17.26,17.53,17.42,0.11,0.6315,1240572.75,2163193.119
352,000001.SZ,20211108,17.62,17.81,17.36,17.42,17.64,-0.22,-1.2472,1376814.82,2406417.771
353,000001.SZ,20211105,17.85,18.0,17.57,17.64,17.87,-0.23,-1.2871,1096039.88,1942415.605
354,000001.SZ,20211104,18.08,18.1,17.8,17.87,18.03,-0.16,-0.8874,983410.98,1760671.898
355,000001.SZ,20211103,18.1,18.24,17.85,18.03,18.18,-0.15,-0.8251,1114972.04,2009325.065
356,000001.SZ,20211102,19.37,19.49,17.99,18.18,19.39,-1.21,-6.2403,1997690.5,3691356.324
357,000001.SZ,20211101,19.33,19.73,19.01,19.39,19.5,-0.11,-0.5641,841490.2,1626762.029
358,000001.SZ,20211029,19.63,19.74,19.32,19.5,19.72,-0.22,-1.1156,539929.76,1052760.273
359,000001.SZ,20211028,19.8,19.94,19.37,19.72,19.92,-0.2,-1.004,619010.89,1211946.109
360,000001.SZ,20211027,20.0,20.17,19.59,19.92,20.05,-0.13,-0.6484,687600.19,1365982.833
361,000001.SZ,20211026,20.06,20.45,19.86,20.05,20.12,-0.07,-0.3479,652806.84,1313475.882
362,000001.SZ,20211025,19.71,20.2,19.5,20.12,20.04,0.08,0.3992,730828.23,1458800.089
363,000001.SZ,20211022,20.16,20.59,19.8,20.04,20.0,0.04,0.2,1134963.63,2287284.921
364,000001.SZ,20211021,19.52,20.06,19.25,20.0,19.24,0.76,3.9501,1621661.01,3198266.215
365,000001.SZ,20211020,19.75,19.78,19.19,19.24,19.57,-0.33,-1.6863,662955.55,1283356.219
366,000001.SZ,20211019,19.15,19.68,19.15,19.57,19.29,0.28,1.4515,682415.15,1330501.301
367,000001.SZ,20211018,19.45,19.55,19.1,19.29,19.66,-0.37,-1.882,729622.5,1408737.777
368,000001.SZ,20211015,19.0,19.9,19.0,19.66,19.21,0.45,2.3425,993493.78,1948647.236
369,000001.SZ,20211014,19.59,19.92,18.89,19.21,19.58,-0.37,-1.8897,842989.87,1623970.431
370,000001.SZ,20211013,19.3,19.91,19.17,19.58,19.35,0.23,1.1886,807896.68,1577612.469
371,000001.SZ,20211012,19.3,19.71,19.2,19.35,19.4,-0.05,-0.2577,1031232.18,2004823.967
372,000001.SZ,20211011,19.0,19.74,19.0,19.4,18.64,0.76,4.0773,1455338.35,2829310.843
373,000001.SZ,20211008,18.17,18.89,18.02,18.64,17.93,0.71,3.9598,1159200.62,2146983.881
374,000001.SZ,20210930,18.09,18.2,17.71,17.93,18.15,-0.22,-1.2121,795611.05,1424675.916
375,000001.SZ,20210929,17.86,18.44,17.71,18.15,17.97,0.18,1.0017,1230121.75,2225416.488
376,000001.SZ,20210928,17.47,18.17,17.45,17.97,17.57,0.4,2.2766,1293167.47,2311265.535
377,000001.SZ,20210927,17.21,17.68,17.06,17.57,17.35,0.22,1.268,1140667.59,1979196.739
378,000001.SZ,20210924,17.6,17.68,17.34,17.35,17.68,-0.33,-1.8665,1265696.28,2209461.934
379,000001.SZ,20210923,18.1,18.32,17.65,17.68,17.98,-0.3,-1.6685,1379837.59,2465683.704
380,000001.SZ,20210922,17.87,18.05,17.42,17.98,18.53,-0.55,-2.9682,1473365.21,2616707.242
381,000001.SZ,20210917,18.9,19.0,18.41,18.53,19.08,-0.55,-2.8826,1124879.63,2098715.196
382,000001.SZ,20210916,19.3,19.5,18.73,19.08,19.52,-0.44,-2.2541,1176953.56,2234474.948
383,000001.SZ,20210915,19.31,20.99,19.19,19.52,19.37,0.15,0.7744,841618.41,1639298.361
384,000001.SZ,20210914,20.18,20.27,19.27,19.37,20.21,-0.84,-4.1564,1158173.15,2272080.156
385,000001.SZ,20210913,20.36,20.51,19.81,20.21,20.57,-0.36,-1.7501,1297228.02,2606152.378
386,000001.SZ,20210910,18.89,20.77,18.84,20.57,19.0,1.57,8.2632,2314945.28,4668361.827
387,000001.SZ,20210909,19.11,19.15,18.8,19.0,19.23,-0.23,-1.196,739505.85,1399536.02
388,000001.SZ,20210908,19.24,19.55,19.1,19.23,19.24,-0.01,-0.052,1026201.05,1979771.479
389,000001.SZ,20210907,18.6,19.56,18.35,19.24,18.45,0.79,4.2818,1622344.16,3067365.668
390,000001.SZ,20210906,17.93,18.6,17.78,18.45,18.04,0.41,2.2727,1515225.56,2780281.08
391,000001.SZ,20210903,18.5,18.5,17.7,18.04,18.4,-0.36,-1.9565,1394818.71,2523273.155
392,000001.SZ,20210902,18.0,18.78,17.8,18.4,17.88,0.52,2.9083,2422603.54,4454545.28
393,000001.SZ,20210901,17.48,17.92,17.01,17.88,17.8,0.08,0.4494,2316894.09,4046284.162
394,000001.SZ,20210831,17.72,17.93,17.31,17.8,17.72,0.08,0.4515,1174867.86,2072006.842
395,000001.SZ,20210830,18.21,18.29,17.55,17.72,18.39,-0.67,-3.6433,1252211.01,2221855.858
396,000001.SZ,20210827,18.56,18.88,18.31,18.39,18.46,-0.07,-0.3792,728820.23,1354408.976
397,000001.SZ,20210826,19.2,19.26,18.41,18.46,19.16,-0.7,-3.6534,951619.0,1783725.035
398,000001.SZ,20210825,19.42,19.47,18.95,19.16,19.36,-0.2,-1.0331,698083.97,1341330.418
399,000001.SZ,20210824,19.35,19.97,19.21,19.36,19.3,0.06,0.3109,868953.3,1690760.837
400,000001.SZ,20210823,19.5,20.05,19.11,19.3,19.42,-0.12,-0.6179,1191849.35,2315871.646
401,000001.SZ,20210820,19.97,20.07,18.7,19.42,20.34,-0.92,-4.5231,1614627.93,3119152.554
402,000001.SZ,20210819,20.48,20.62,20.02,20.34,20.62,-0.28,-1.3579,649975.61,1315320.351
403,000001.SZ,20210818,19.67,21.2,19.55,20.62,19.67,0.95,4.8297,1332732.16,2732213.549
404,000001.SZ,20210817,19.85,20.22,19.61,19.67,19.95,-0.28,-1.4035,476021.94,947385.521
405,000001.SZ,20210816,20.09,20.2,19.57,19.95,19.89,0.06,0.3017,627050.22,1247681.171
406,000001.SZ,20210813,19.78,19.92,19.5,19.89,19.89,0.0,0.0,562885.02,1110191.399
407,000001.SZ,20210812,19.79,20.3,19.63,19.89,19.81,0.08,0.4038,666458.0,1330388.046
408,000001.SZ,20210811,19.99,20.58,19.7,19.81,19.73,0.08,0.4055,1048308.44,2104975.144
409,000001.SZ,20210810,19.09,19.98,18.9,19.73,19.06,0.67,3.5152,1301988.44,2535427.989
410,000001.SZ,20210809,17.91,19.25,17.84,19.06,17.86,1.2,6.7189,1752798.0,3313803.23
411,000001.SZ,20210806,17.55,17.9,17.45,17.86,17.68,0.18,1.0181,567454.13,1005870.948
412,000001.SZ,20210805,17.7,18.05,17.58,17.68,17.81,-0.13,-0.7299,621573.88,1104903.004
413,000001.SZ,20210804,18.04,18.07,17.6,17.81,17.89,-0.08,-0.4472,729620.08,1300164.293
414,000001.SZ,20210803,17.99,18.15,17.66,17.89,18.01,-0.12,-0.6663,896948.57,1609422.575
415,000001.SZ,20210802,17.64,18.14,17.18,18.01,17.69,0.32,1.8089,1159922.63,2056014.242
416,000001.SZ,20210730,17.92,18.05,17.24,17.69,17.96,-0.27,-1.5033,950155.88,1679747.318
417,000001.SZ,20210729,17.91,18.24,17.78,17.96,17.75,0.21,1.1831,872378.12,1566107.824
418,000001.SZ,20210728,17.85,18.07,17.68,17.75,17.76,-0.01,-0.0563,1062994.21,1898562.591
419,000001.SZ,20210727,18.87,18.99,17.6,17.76,18.8,-1.04,-5.5319,1357551.48,2461708.369
420,000001.SZ,20210726,19.96,19.99,18.43,18.8,20.1,-1.3,-6.4677,1451303.94,2770236.696
421,000001.SZ,20210723,20.38,20.38,20.0,20.1,20.38,-0.28,-1.3739,727404.33,1461467.511
422,000001.SZ,20210722,20.45,20.66,20.24,20.38,20.45,-0.07,-0.3423,868648.09,1773999.331
423,000001.SZ,20210721,20.58,20.8,20.2,20.45,20.6,-0.15,-0.7282,753076.52,1535327.561
424,000001.SZ,20210720,21.1,21.2,20.47,20.6,21.21,-0.61,-2.876,804034.33,1665315.545
425,000001.SZ,20210719,21.36,21.43,20.78,21.21,21.34,-0.13,-0.6092,522135.95,1098434.741
426,000001.SZ,20210716,21.41,21.82,21.3,21.34,21.62,-0.28,-1.2951,573002.61,1230180.813
427,000001.SZ,20210715,20.72,21.72,20.63,21.62,20.76,0.86,4.1426,956003.05,2040266.258
428,000001.SZ,20210714,21.0,21.0,20.41,20.76,21.12,-0.36,-1.7045,847950.55,1755810.875
429,000001.SZ,20210713,21.15,21.34,20.54,21.12,21.16,-0.04,-0.189,657613.95,1382029.13
430,000001.SZ,20210712,21.5,21.5,20.89,21.16,21.27,-0.11,-0.5172,877901.02,1859059.51
431,000001.SZ,20210709,21.3,21.63,21.02,21.27,21.51,-0.24,-1.1158,762364.74,1625461.607
432,000001.SZ,20210708,22.78,22.78,21.2,21.51,22.55,-1.04,-4.612,1457059.47,3140657.439
433,000001.SZ,20210707,22.68,23.05,22.5,22.55,22.78,-0.23,-1.0097,468944.87,1063910.095
434,000001.SZ,20210706,22.08,23.0,21.85,22.78,22.06,0.72,3.2638,791957.26,1784792.785
435,000001.SZ,20210705,21.69,22.15,21.09,22.06,21.81,0.25,1.1463,859341.29,1859394.323
436,000001.SZ,20210702,22.72,22.74,21.76,21.81,23.2,-1.39,-5.9914,1070677.56,2360189.793
437,000001.SZ,20210701,22.81,23.5,22.52,23.2,22.62,0.58,2.5641,664833.3,1530548.798
438,000001.SZ,20210630,22.36,22.93,22.35,22.62,22.34,0.28,1.2534,403435.46,913285.187
439,000001.SZ,20210629,22.58,22.79,22.0,22.34,22.78,-0.44,-1.9315,1049749.39,2341926.371
440,000001.SZ,20210628,23.36,23.39,22.48,22.78,23.36,-0.58,-2.4829,626257.37,1425702.202
441,000001.SZ,20210625,23.08,23.6,23.06,23.36,23.08,0.28,1.2132,559972.95,1310287.389
442,000001.SZ,20210624,23.03,23.12,22.68,23.08,23.14,-0.06,-0.2593,390283.49,894502.108
443,000001.SZ,20210623,22.85,23.41,22.72,23.14,22.97,0.17,0.7401,447907.78,1035835.695
444,000001.SZ,20210622,22.38,23.09,22.25,22.97,22.16,0.81,3.6552,757751.41,1720058.046
445,000001.SZ,20210621,22.6,22.67,22.01,22.16,22.65,-0.49,-2.1634,718272.74,1600119.859
446,000001.SZ,20210618,23.13,23.28,22.39,22.65,23.1,-0.45,-1.9481,694099.3,1574437.729
447,000001.SZ,20210617,23.02,23.69,23.02,23.1,23.26,-0.16,-0.6879,453282.09,1059121.804
448,000001.SZ,20210616,23.22,23.4,23.01,23.26,23.22,0.04,0.1723,378208.04,878470.834
449,000001.SZ,20210615,23.35,23.43,22.8,23.22,23.37,-0.15,-0.6418,660622.59,1524503.477
450,000001.SZ,20210611,24.31,24.35,23.12,23.37,24.2,-0.83,-3.4298,834665.04,1965393.115
451,000001.SZ,20210610,24.66,25.06,24.15,24.2,24.65,-0.45,-1.8256,530215.16,1294972.566
452,000001.SZ,20210609,24.43,24.88,24.18,24.65,24.53,0.12,0.4892,453831.5,1116771.375
453,000001.SZ,20210608,24.15,24.57,23.95,24.53,24.3,0.23,0.9465,570077.92,1384120.301
454,000001.SZ,20210607,24.48,24.48,23.93,24.3,24.54,-0.24,-0.978,447914.1,1081738.832
455,000001.SZ,20210604,23.99,24.96,23.8,24.54,23.77,0.77,3.2394,756739.42,1851425.837
456,000001.SZ,20210603,23.72,24.14,23.68,23.77,23.89,-0.12,-0.5023,400900.85,958876.472
457,000001.SZ,20210602,23.89,23.92,23.38,23.89,23.92,-0.03,-0.1254,497527.02,1176608.126
458,000001.SZ,20210601,24.2,24.25,23.5,23.92,24.2,-0.28,-1.157,625017.96,1490476.624
459,000001.SZ,20210531,24.33,24.53,23.91,24.2,24.5,-0.3,-1.2245,515350.81,1244209.045
460,000001.SZ,20210528,24.68,24.71,24.16,24.5,24.79,-0.29,-1.1698,492400.73,1200523.315
461,000001.SZ,20210527,24.91,25.16,24.52,24.79,25.01,-0.22,-0.8796,504091.36,1246712.048
462,000001.SZ,20210526,24.64,25.12,24.5,25.01,24.6,0.41,1.6667,919263.78,2286540.248
463,000001.SZ,20210525,23.54,24.73,23.45,24.6,23.48,1.12,4.77,972374.62,2363145.902
464,000001.SZ,20210524,23.48,23.6,23.19,23.48,23.49,-0.01,-0.0426,343935.63,806092.207
465,000001.SZ,20210521,23.88,24.09,23.03,23.49,23.82,-0.33,-1.3854,539335.74,1263058.114
466,000001.SZ,20210520,23.41,23.84,23.27,23.82,23.6,0.22,0.9322,405788.37,957478.853
467,000001.SZ,20210519,23.82,24.13,23.52,23.6,23.9,-0.3,-1.2552,429420.33,1022553.739
468,000001.SZ,20210518,23.85,24.11,23.4,23.9,23.6,0.3,1.2712,395414.98,939786.731
469,000001.SZ,20210517,23.15,23.82,22.95,23.6,23.32,0.28,1.2007,527564.65,1241605.192
470,000001.SZ,20210514,23.14,23.43,22.6,23.32,22.89,0.43,1.8785,563785.36,1300250.943
471,000001.SZ,20210513,23.52,23.59,22.84,23.07,23.55,-0.48,-2.0382,549652.5,1271946.298
472,000001.SZ,20210512,23.29,23.64,22.88,23.55,23.53,0.02,0.085,533265.26,1245517.716
473,000001.SZ,20210511,23.62,23.75,23.06,23.53,23.86,-0.33,-1.3831,497223.45,1161846.399
474,000001.SZ,20210510,24.0,24.04,23.02,23.86,24.05,-0.19,-0.79,661438.9,1566860.764
475,000001.SZ,20210507,23.67,24.3,23.39,24.05,23.5,0.55,2.3404,802214.21,1929112.374
476,000001.SZ,20210506,23.1,23.7,23.1,23.5,23.29,0.21,0.9017,500295.22,1174181.608
477,000001.SZ,20210430,23.35,23.49,23.01,23.29,23.59,-0.3,-1.2717,561981.32,1308177.202
478,000001.SZ,20210429,23.34,23.71,23.11,23.59,23.35,0.24,1.0278,614836.88,1439823.965
479,000001.SZ,20210428,23.29,23.45,22.78,23.35,22.94,0.41,1.7873,593837.93,1375141.409
480,000001.SZ,20210427,22.95,23.19,22.86,22.94,22.94,0.0,0.0,470431.4,1083043.579
481,000001.SZ,20210426,23.87,24.23,22.9,22.94,23.29,-0.35,-1.5028,872417.67,2037109.597
482,000001.SZ,20210423,23.32,23.65,23.07,23.29,22.98,0.31,1.349,823230.15,1920413.502
483,000001.SZ,20210422,23.19,23.23,22.78,22.98,23.01,-0.03,-0.1304,829693.88,1905208.911
484,000001.SZ,20210421,22.3,23.19,22.29,23.01,21.69,1.32,6.0858,1597099.65,3644577.541
485,000001.SZ,20210420,21.08,21.95,20.92,21.69,21.15,0.54,2.5532,834772.72,1798249.024
486,000001.SZ,20210419,20.03,21.24,19.91,21.15,20.26,0.89,4.3929,1112282.62,2304021.478
487,000001.SZ,20210416,20.36,20.43,19.81,20.26,20.36,-0.1,-0.4912,729998.26,1466509.057
488,000001.SZ,20210415,20.76,20.77,20.08,20.36,20.67,-0.31,-1.4998,735865.05,1494016.04
489,000001.SZ,20210414,20.79,20.94,20.42,20.67,20.78,-0.11,-0.5294,537438.49,1113001.541
490,000001.SZ,20210413,20.72,20.88,20.59,20.78,20.7,0.08,0.3865,499904.18,1036992.692
491,000001.SZ,20210412,21.51,21.51,20.63,20.7,21.3,-0.6,-2.8169,594743.14,1240067.319
492,000001.SZ,20210409,21.71,21.72,21.08,21.3,21.56,-0.26,-1.2059,398960.28,849870.878
493,000001.SZ,20210408,21.46,21.73,21.33,21.56,21.64,-0.08,-0.3697,383029.5,825170.84
494,000001.SZ,20210407,21.88,21.93,21.31,21.64,21.68,-0.04,-0.1845,517604.59,1116774.452
495,000001.SZ,20210406,21.55,22.09,21.51,21.68,21.5,0.18,0.8372,401102.82,873387.016
496,000001.SZ,20210402,21.7,21.73,21.36,21.5,21.78,-0.28,-1.2856,581083.52,1249405.387
497,000001.SZ,20210401,22.08,22.11,21.5,21.78,22.01,-0.23,-1.045,544448.98,1183868.023
498,000001.SZ,20210331,21.77,22.07,21.6,22.01,21.93,0.08,0.3648,777028.07,1699922.183
499,000001.SZ,20210330,21.38,21.93,21.21,21.93,21.49,0.44,2.0475,738654.81,1601238.499
500,000001.SZ,20210329,21.28,21.65,21.2,21.49,21.14,0.35,1.6556,785666.68,1684397.866
501,000001.SZ,20210326,20.84,21.4,20.76,21.14,20.75,0.39,1.8795,822108.06,1733412.579
502,000001.SZ,20210325,20.58,20.83,20.4,20.75,20.53,0.22,1.0716,492665.74,1017166.048
503,000001.SZ,20210324,21.21,21.28,20.45,20.53,21.23,-0.7,-3.2972,850085.07,1757688.572
504,000001.SZ,20210323,21.57,21.65,20.96,21.23,21.55,-0.32,-1.4849,682903.38,1448043.613
505,000001.SZ,20210322,20.55,21.55,20.53,21.55,20.47,1.08,5.276,1451190.08,3087549.484
506,000001.SZ,20210319,21.53,21.65,20.37,20.47,21.73,-1.26,-5.7984,1525622.27,3159181.042
507,000001.SZ,20210318,21.3,21.73,21.0,21.73,21.2,0.53,2.5,691610.19,1483801.548
508,000001.SZ,20210317,21.45,21.55,20.9,21.2,21.66,-0.46,-2.1237,821488.65,1738185.857
509,000001.SZ,20210316,21.6,22.11,21.27,21.66,21.6,0.06,0.2778,939684.32,2038470.66
510,000001.SZ,20210315,21.4,22.12,21.11,21.6,21.48,0.12,0.5587,958748.7,2077984.893
511,000001.SZ,20210312,21.37,21.7,21.2,21.48,21.27,0.21,0.9873,697200.6,1494219.075
512,000001.SZ,20210311,20.58,21.38,20.56,21.27,20.4,0.87,4.2647,1048659.39,2213107.787
513,000001.SZ,20210310,20.84,20.91,20.28,20.4,20.85,-0.45,-2.1583,1149416.57,2356185.003
514,000001.SZ,20210309,21.68,21.92,20.58,20.85,21.6,-0.75,-3.4722,1361895.33,2882931.927
515,000001.SZ,20210308,22.44,22.69,21.48,21.6,22.34,-0.74,-3.3124,993773.97,2189190.957
516,000001.SZ,20210305,22.7,22.98,21.86,22.34,22.92,-0.58,-2.5305,880171.41,1960439.115
517,000001.SZ,20210304,22.77,23.49,22.65,22.92,23.01,-0.09,-0.3911,1213579.37,2799747.146
518,000001.SZ,20210303,21.58,23.08,21.46,23.01,21.65,1.36,6.2818,1919635.27,4320024.431
519,000001.SZ,20210302,21.62,22.15,21.26,21.65,21.45,0.2,0.9324,1473425.05,3196536.981
520,000001.SZ,20210301,21.54,21.68,21.18,21.45,21.38,0.07,0.3274,1125386.53,2408050.906
521,000001.SZ,20210226,21.6,21.96,21.21,21.38,22.09,-0.71,-3.2141,1124977.3,2424653.753
522,000001.SZ,20210225,22.4,22.56,21.68,22.09,22.16,-0.07,-0.3159,1593403.47,3524600.794
523,000001.SZ,20210224,22.27,22.28,21.56,22.16,21.93,0.23,1.0488,1428499.85,3144209.051
524,000001.SZ,20210223,22.38,22.68,21.82,21.93,22.38,-0.45,-2.0107,1870460.13,4160776.611
525,000001.SZ,20210222,23.8,23.8,22.26,22.38,23.85,-1.47,-6.1635,1956842.48,4445818.547
526,000001.SZ,20210219,23.96,24.19,23.57,23.85,24.3,-0.45,-1.8519,922583.14,2197558.286
527,000001.SZ,20210218,24.0,24.55,23.48,24.3,23.82,0.48,2.0151,1505230.81,3619387.651
528,000001.SZ,20210210,24.6,24.96,23.38,23.82,24.58,-0.76,-3.0919,1918867.1,4569741.959
529,000001.SZ,20210209,24.79,24.84,24.17,24.58,24.8,-0.22,-0.8871,942093.55,2302978.158
530,000001.SZ,20210208,24.9,24.9,24.1,24.8,24.93,-0.13,-0.5215,1084264.67,2650948.251
531,000001.SZ,20210205,24.6,25.31,24.27,24.93,24.6,0.33,1.3415,1015575.59,2517804.159
532,000001.SZ,20210204,24.18,25.24,24.04,24.6,24.95,-0.35,-1.4028,1255247.5,3084553.75
533,000001.SZ,20210203,23.48,25.18,23.38,24.95,23.28,1.67,7.1735,1923271.59,4690176.486
534,000001.SZ,20210202,23.38,24.1,22.91,23.28,24.55,-1.27,-5.1731,2416168.77,5679179.941
535,000001.SZ,20210201,23.0,24.99,22.7,24.55,23.09,1.46,6.3231,1475239.3,3529556.986
536,000001.SZ,20210129,22.81,23.54,22.71,23.09,22.81,0.28,1.2275,1240258.41,2864101.419
537,000001.SZ,20210128,22.78,23.18,22.45,22.81,23.08,-0.27,-1.1698,857476.96,1948881.146
538,000001.SZ,20210127,22.31,23.47,22.31,23.08,22.37,0.71,3.1739,1294152.72,2976800.955
539,000001.SZ,20210126,22.3,23.32,22.3,22.37,22.49,-0.12,-0.5336,1126720.55,2558575.511
540,000001.SZ,20210125,21.72,22.6,21.43,22.49,22.03,0.46,2.0881,1028365.27,2269032.82
541,000001.SZ,20210122,22.23,22.23,21.51,22.03,22.23,-0.2,-0.8997,924434.42,2025834.761
542,000001.SZ,20210121,22.5,22.8,22.15,22.23,22.47,-0.24,-1.0681,944778.6,2114252.731
543,000001.SZ,20210120,22.15,22.97,22.12,22.47,22.34,0.13,0.5819,1280793.16,2889249.85
544,000001.SZ,20210119,22.51,22.84,22.05,22.34,22.7,-0.36,-1.5859,1242088.34,2790056.611
545,000001.SZ,20210118,21.2,22.78,21.2,22.7,21.0,1.7,8.0952,2157301.78,4792909.447
546,000001.SZ,20210115,21.0,21.95,20.82,21.0,20.17,0.83,4.115,2480688.98,5311218.074
547,000001.SZ,20210114,20.68,20.89,19.95,20.17,20.7,-0.53,-2.5604,1130155.62,2306404.546
548,000001.SZ,20210113,21.0,21.01,20.4,20.7,21.0,-0.3,-1.4286,1049119.73,2161849.708
549,000001.SZ,20210112,20.39,21.0,20.18,21.0,20.38,0.62,3.0422,1288165.5,2657687.44
550,000001.SZ,20210111,20.0,20.64,20.0,20.38,19.85,0.53,2.67,1790457.14,3652546.646
551,000001.SZ,20210108,19.9,20.1,19.31,19.85,19.9,-0.05,-0.2513,1195473.22,2348316.363
552,000001.SZ,20210107,19.52,19.98,19.23,19.9,19.56,0.34,1.7382,1584185.3,3111274.625
553,000001.SZ,20210106,18.08,19.56,18.0,19.56,18.17,1.39,7.65,1934945.12,3648521.909
554,000001.SZ,20210105,18.4,18.48,17.8,18.17,18.6,-0.43,-2.3118,1821352.1,3284606.913
555,000001.SZ,20210104,19.1,19.1,18.44,18.6,19.34,-0.74,-3.8263,1554216.43,2891682.312
556,000001.SZ,20201231,19.21,19.58,19.02,19.34,19.2,0.14,0.7292,924503.43,1781736.285
557,000001.SZ,20201230,19.0,19.2,18.72,19.2,19.17,0.03,0.1565,978497.78,1854082.812
558,000001.SZ,20201229,18.87,19.3,18.7,19.17,18.85,0.32,1.6976,963092.23,1837947.238
559,000001.SZ,20201228,18.02,18.86,17.96,18.85,18.04,0.81,4.49,1270337.06,2352947.321
560,000001.SZ,20201225,18.26,18.26,17.8,18.04,18.26,-0.22,-1.2048,577077.33,1038128.197
561,000001.SZ,20201224,18.15,18.49,18.05,18.26,18.0,0.26,1.4444,632950.12,1155767.283
562,000001.SZ,20201223,17.96,18.07,17.79,18.0,17.9,0.1,0.5587,750082.73,1345650.736
563,000001.SZ,20201222,18.36,18.65,17.88,17.9,18.28,-0.38,-2.0788,1028737.51,1873638.734
564,000001.SZ,20201221,18.3,18.64,18.03,18.28,18.36,-0.08,-0.4357,906878.11,1662649.81
565,000001.SZ,20201218,19.0,19.1,18.23,18.36,18.95,-0.59,-3.1135,1058756.36,1959764.074
566,000001.SZ,20201217,18.91,19.07,18.6,18.95,19.01,-0.06,-0.3156,686140.69,1294658.299
567,000001.SZ,20201216,18.8,19.1,18.58,19.01,18.74,0.27,1.4408,689070.42,1302133.815
568,000001.SZ,20201215,18.8,18.85,18.15,18.74,18.88,-0.14,-0.7415,788857.94,1458268.62
569,000001.SZ,20201214,18.6,19.06,18.5,18.88,18.52,0.36,1.9438,835991.74,1575396.008
570,000001.SZ,20201211,18.71,18.8,18.22,18.52,18.65,-0.13,-0.6971,887793.87,1642392.314
571,000001.SZ,20201210,18.73,18.88,18.45,18.65,18.71,-0.06,-0.3207,607866.55,1130916.254
572,000001.SZ,20201209,18.79,19.05,18.68,18.71,18.71,0.0,0.0,677221.15,1277484.44
573,000001.SZ,20201208,18.92,19.03,18.53,18.71,18.91,-0.2,-1.0576,719647.51,1345951.734
574,000001.SZ,20201207,19.31,19.39,18.68,18.91,19.3,-0.39,-2.0207,873806.61,1655173.465
575,000001.SZ,20201204,19.47,19.47,18.97,19.3,19.54,-0.24,-1.2282,891347.84,1707639.065
576,000001.SZ,20201203,19.78,19.86,19.17,19.54,19.63,-0.09,-0.4585,714452.3,1393085.02
577,000001.SZ,20201202,19.93,20.06,19.52,19.63,20.05,-0.42,-2.0948,889385.29,1758639.187
578,000001.SZ,20201201,19.7,20.51,19.4,20.05,19.74,0.31,1.5704,1263719.75,2516010.782
579,000001.SZ,20201130,19.9,20.88,19.59,19.74,19.7,0.04,0.203,1581441.28,3213680.47
580,000001.SZ,20201127,20.0,20.0,19.38,19.7,19.5,0.2,1.0256,753773.74,1479430.635
581,000001.SZ,20201126,19.05,19.61,19.03,19.5,19.06,0.44,2.3085,639657.89,1240074.378
582,000001.SZ,20201125,19.48,19.7,19.05,19.06,19.36,-0.3,-1.5496,552585.01,1068352.014
583,000001.SZ,20201124,19.62,19.68,19.17,19.36,19.62,-0.26,-1.3252,678543.23,1313496.136
584,000001.SZ,20201123,18.85,19.62,18.8,19.62,18.86,0.76,4.0297,1165858.26,2252290.578
585,000001.SZ,20201120,18.83,18.99,18.52,18.86,18.85,0.01,0.0531,673919.22,1265262.915
586,000001.SZ,20201119,18.59,18.98,18.3,18.85,18.46,0.39,2.1127,1211740.62,2270476.474
587,000001.SZ,20201118,17.78,18.5,17.75,18.46,17.83,0.63,3.5334,1373400.72,2508632.642
588,000001.SZ,20201117,17.38,17.93,17.25,17.83,17.37,0.46,2.6482,852930.51,1509511.577
589,000001.SZ,20201116,17.08,17.43,16.9,17.37,17.18,0.19,1.1059,759856.93,1308190.459
590,000001.SZ,20201113,17.42,17.47,16.69,17.18,17.66,-0.48,-2.718,1289189.23,2191492.021
591,000001.SZ,20201112,17.81,17.94,17.45,17.66,17.81,-0.15,-0.8422,677258.48,1197284.181
592,000001.SZ,20201111,18.2,18.3,17.6,17.81,18.11,-0.3,-1.6565,940130.07,1677811.478
593,000001.SZ,20201110,18.0,18.5,17.93,18.11,17.84,0.27,1.5135,1021062.81,1854142.808
594,000001.SZ,20201109,17.67,18.0,17.54,17.84,17.64,0.2,1.1338,951424.32,1688807.401
595,000001.SZ,20201106,17.71,17.75,17.22,17.64,17.7,-0.06,-0.339,848781.53,1486492.208
596,000001.SZ,20201105,18.37,18.5,17.54,17.7,18.32,-0.62,-3.3843,1429469.44,2558562.453
597,000001.SZ,20201104,18.35,18.48,17.96,18.32,17.96,0.36,2.0045,1247636.4,2275824.963
598,000001.SZ,20201103,17.71,18.34,17.7,17.96,17.63,0.33,1.8718,957868.63,1727488.481
599,000001.SZ,20201102,17.65,18.05,17.33,17.63,17.75,-0.12,-0.6761,968452.77,1702741.437
600,000001.SZ,20201030,17.74,18.36,17.6,17.75,17.77,-0.02,-0.1125,1007803.83,1813064.343
601,000001.SZ,20201029,17.54,17.93,17.35,17.77,17.63,0.14,0.7941,846603.62,1498040.947
602,000001.SZ,20201028,17.76,17.9,17.29,17.63,17.76,-0.13,-0.732,1205823.86,2125604.541
603,000001.SZ,20201027,18.0,18.0,17.5,17.76,17.7,0.06,0.339,1034865.04,1839243.224
604,000001.SZ,20201026,18.2,18.29,17.45,17.7,18.13,-0.43,-2.3718,1175598.65,2085800.598
605,000001.SZ,20201023,17.53,18.78,17.53,18.13,17.56,0.57,3.246,1698501.68,3105623.948
606,000001.SZ,20201022,17.94,18.5,17.3,17.56,17.91,-0.35,-1.9542,1890519.05,3342069.01
607,000001.SZ,20201021,17.64,18.0,17.33,17.91,17.54,0.37,2.1095,1244560.18,2204040.364
608,000001.SZ,20201020,17.48,17.6,17.25,17.54,17.48,0.06,0.3432,960071.95,1673173.355
609,000001.SZ,20201019,17.3,18.1,17.3,17.48,17.1,0.38,2.2222,2016105.52,3571336.006
610,000001.SZ,20201016,16.56,17.37,16.54,17.1,16.56,0.54,3.2609,2095614.19,3589229.558
611,000001.SZ,20201015,16.2,16.92,16.15,16.56,16.03,0.53,3.3063,1600062.32,2654379.585
612,000001.SZ,20201014,16.04,16.12,15.8,16.03,16.06,-0.03,-0.1868,662562.36,1057937.816
613,000001.SZ,20201013,15.9,16.11,15.77,16.06,15.9,0.16,1.0063,908819.48,1453986.337
614,000001.SZ,20201012,15.22,16.05,15.21,15.9,15.18,0.72,4.7431,1591347.15,2509002.885
615,000001.SZ,20201009,15.3,15.55,15.13,15.18,15.17,0.01,0.0659,900425.93,1376995.906
616,000001.SZ,20200930,14.8,15.27,14.8,15.17,14.8,0.37,2.5,1217064.82,1838547.595
617,000001.SZ,20200929,15.39,15.41,14.76,14.8,15.31,-0.51,-3.3312,1182374.4,1766848.544
618,000001.SZ,20200928,15.19,15.37,14.98,15.31,15.19,0.12,0.79,612711.11,932800.766
619,000001.SZ,20200925,15.2,15.31,15.11,15.19,15.12,0.07,0.463,614087.0,933035.044
620,000001.SZ,20200924,15.59,15.61,15.12,15.12,15.63,-0.51,-3.263,1061011.24,1623376.2
621,000001.SZ,20200923,15.59,15.83,15.51,15.63,15.57,0.06,0.3854,599200.47,939763.265
622,000001.SZ,20200922,15.67,15.84,15.39,15.57,15.86,-0.29,-1.8285,867756.31,1354536.272
623,000001.SZ,20200921,16.0,16.05,15.71,15.86,16.07,-0.21,-1.3068,896161.65,1418370.973
624,000001.SZ,20200918,15.62,16.09,15.52,16.07,15.57,0.5,3.2113,1373193.3,2186759.087
625,000001.SZ,20200917,15.54,15.72,15.4,15.57,15.44,0.13,0.842,988215.63,1543414.501
626,000001.SZ,20200916,15.32,15.54,15.21,15.44,15.35,0.09,0.5863,722414.75,1114667.832
627,000001.SZ,20200915,15.2,15.48,15.15,15.35,15.3,0.05,0.3268,657132.67,1007999.044
628,000001.SZ,20200914,15.01,15.3,14.92,15.3,15.01,0.29,1.932,680251.05,1027508.108
629,000001.SZ,20200911,15.18,15.3,14.82,15.01,15.34,-0.33,-2.1512,954236.25,1431844.02
630,000001.SZ,20200910,15.32,15.48,15.2,15.34,15.21,0.13,0.8547,957092.39,1469402.768
631,000001.SZ,20200909,15.26,15.56,15.13,15.21,15.43,-0.22,-1.4258,1013572.47,1554005.575
632,000001.SZ,20200908,15.0,15.43,15.0,15.43,14.94,0.49,3.2798,1407601.66,2154220.778
633,000001.SZ,20200907,14.88,15.24,14.83,14.94,14.96,-0.02,-0.1337,1031376.81,1551971.38
634,000001.SZ,20200904,14.73,15.06,14.6,14.96,14.9,0.06,0.4027,909889.99,1353550.808
635,000001.SZ,20200903,15.32,15.33,14.84,14.9,15.32,-0.42,-2.7415,1279841.59,1919266.726
636,000001.SZ,20200902,15.01,15.53,15.01,15.32,15.14,0.18,1.1889,1679382.97,2575966.637
637,000001.SZ,20200901,14.96,15.23,14.88,15.14,15.08,0.06,0.3979,813642.58,1228342.741
638,000001.SZ,20200831,15.3,15.68,14.99,15.08,15.13,-0.05,-0.3305,1797129.54,2760350.322
639,000001.SZ,20200828,14.26,15.18,14.26,15.13,14.46,0.67,4.6335,2410400.02,3599035.694
640,000001.SZ,20200827,14.4,14.46,14.11,14.46,14.37,0.09,0.6263,626666.77,895618.648
641,000001.SZ,20200826,14.6,14.61,14.28,14.37,14.6,-0.23,-1.5753,734117.72,1057274.169
642,000001.SZ,20200825,14.56,14.69,14.46,14.6,14.46,0.14,0.9682,748320.22,1090756.854
643,000001.SZ,20200824,14.5,14.71,14.41,14.46,14.45,0.01,0.0692,919448.86,1338031.969
644,000001.SZ,20200821,14.71,14.71,14.32,14.45,14.59,-0.14,-0.9596,1234517.33,1787278.581
645,000001.SZ,20200820,15.01,15.14,14.53,14.59,15.1,-0.51,-3.3775,1333801.62,1962605.013
646,000001.SZ,20200819,15.11,15.35,14.96,15.1,15.15,-0.05,-0.33,1420928.11,2154215.097
647,000001.SZ,20200818,15.2,15.3,14.91,15.15,15.19,-0.04,-0.2633,1350261.07,2033477.707
648,000001.SZ,20200817,14.6,15.35,14.55,15.19,14.47,0.72,4.9758,3268027.8,4923669.137
649,000001.SZ,20200814,14.1,14.51,14.06,14.47,14.18,0.29,2.0451,1103215.82,1578543.607
650,000001.SZ,20200813,14.4,14.46,14.14,14.18,14.38,-0.2,-1.3908,837261.75,1190139.725
651,000001.SZ,20200812,14.21,14.5,14.15,14.38,14.13,0.25,1.7693,1596811.7,2287731.088
652,000001.SZ,20200811,13.97,14.66,13.97,14.13,13.95,0.18,1.2903,2603307.89,3748036.828
653,000001.SZ,20200810,13.67,14.02,13.62,13.95,13.7,0.25,1.8248,1587710.35,2208568.316
654,000001.SZ,20200807,13.8,13.9,13.62,13.7,13.9,-0.2,-1.4388,988678.37,1356305.781
655,000001.SZ,20200806,13.82,13.96,13.65,13.9,13.76,0.14,1.0174,1352510.68,1868047.342
656,000001.SZ,20200805,13.82,13.85,13.62,13.76,14.04,-0.28,-1.9943,1440203.13,1980352.978
657,000001.SZ,20200804,13.66,14.15,13.48,14.04,13.59,0.45,3.3113,2445663.25,3388510.059
658,000001.SZ,20200803,13.47,13.62,13.43,13.59,13.34,0.25,1.8741,1445096.16,1954607.257
659,000001.SZ,20200731,13.28,13.53,13.25,13.34,13.37,-0.03,-0.2244,1165821.91,1559068.291
660,000001.SZ,20200730,13.5,13.51,13.37,13.37,13.54,-0.17,-1.2555,964067.63,1294444.933
661,000001.SZ,20200729,13.35,13.63,13.21,13.54,13.34,0.2,1.4993,1519580.25,2043847.472
662,000001.SZ,20200728,13.34,13.43,13.18,13.34,13.24,0.1,0.7553,1217005.99,1618089.558
663,000001.SZ,20200727,13.67,13.68,13.1,13.24,13.5,-0.26,-1.9259,1880653.35,2497551.472
664,000001.SZ,20200724,13.97,13.99,13.42,13.5,14.01,-0.51,-3.6403,1830881.83,2504647.111
665,000001.SZ,20200723,14.24,14.29,13.81,14.01,14.41,-0.4,-2.7759,2027525.87,2838535.21
666,000001.SZ,20200722,14.49,14.65,14.27,14.41,14.49,-0.08,-0.5521,1312951.59,1895447.229
667,000001.SZ,20200721,14.68,14.68,14.4,14.49,14.73,-0.24,-1.6293,1252865.69,1815570.3
668,000001.SZ,20200720,14.23,14.77,14.1,14.73,14.14,0.59,4.1726,1979632.0,2872758.056
669,000001.SZ,20200717,14.17,14.28,13.95,14.14,14.15,-0.01,-0.0707,1291346.77,1821043.927
670,000001.SZ,20200716,14.3,14.55,14.12,14.15,14.27,-0.12,-0.8409,1930891.29,2771496.391
671,000001.SZ,20200715,14.78,14.86,14.23,14.27,14.68,-0.41,-2.7929,2042562.83,2947173.149
672,000001.SZ,20200714,14.9,15.19,14.55,14.68,14.89,-0.21,-1.4103,1953566.27,2891773.817
673,000001.SZ,20200713,14.7,15.08,14.5,14.89,14.86,0.03,0.2019,1937160.12,2871414.844
674,000001.SZ,20200710,15.35,15.48,14.76,14.86,15.53,-0.67,-4.3142,2158773.26,3254272.377
675,000001.SZ,20200709,15.66,15.66,15.31,15.53,15.76,-0.23,-1.4594,2243994.4,3469517.329
676,000001.SZ,20200708,15.23,16.0,15.23,15.76,15.48,0.28,1.8088,2631339.16,4095447.757
677,000001.SZ,20200707,16.3,16.63,15.03,15.48,15.68,-0.2,-1.2755,3964427.47,6267919.683
678,000001.SZ,20200706,14.6,15.68,14.59,15.68,14.25,1.43,10.0351,4711460.78,7168653.356
679,000001.SZ,20200703,13.57,14.32,13.56,14.25,13.43,0.82,6.1057,3768333.63,5280918.011
680,000001.SZ,20200702,13.08,13.49,12.97,13.43,13.12,0.31,2.3628,2590501.19,3433511.084
681,000001.SZ,20200701,12.79,13.15,12.74,13.12,12.8,0.32,2.5,1697390.01,2202800.843
682,000001.SZ,20200630,12.83,12.88,12.72,12.8,12.8,0.0,0.0,937940.22,1199181.601
683,000001.SZ,20200629,12.92,12.97,12.71,12.8,12.8,0.0,0.0,1038480.06,1330678.288
684,000001.SZ,20200624,12.64,12.88,12.6,12.8,12.6,0.2,1.5873,1523220.48,1946329.095
685,000001.SZ,20200623,12.65,12.69,12.52,12.6,12.64,-0.04,-0.3165,990806.73,1248046.646
686,000001.SZ,20200622,12.74,12.76,12.62,12.64,12.8,-0.16,-1.25,1319079.79,1671023.278
687,000001.SZ,20200619,12.73,12.84,12.61,12.8,12.76,0.04,0.3135,1539521.78,1954584.919
688,000001.SZ,20200618,12.76,12.8,12.59,12.76,12.85,-0.09,-0.7004,1119647.8,1419972.017
689,000001.SZ,20200617,12.89,12.92,12.76,12.85,12.89,-0.04,-0.3103,716468.24,918251.153
690,000001.SZ,20200616,12.9,12.99,12.86,12.89,12.82,0.07,0.546,718059.1,927043.687
691,000001.SZ,20200615,12.85,12.97,12.8,12.82,12.99,-0.17,-1.3087,660313.07,850767.506
692,000001.SZ,20200612,12.9,13.02,12.87,12.99,13.08,-0.09,-0.6881,1030550.57,1331618.728
693,000001.SZ,20200611,13.38,13.39,13.0,13.08,13.49,-0.41,-3.0393,1349039.82,1774199.978
694,000001.SZ,20200610,13.71,13.71,13.4,13.49,13.67,-0.18,-1.3168,580476.2,781995.749
695,000001.SZ,20200609,13.64,13.73,13.53,13.67,13.62,0.05,0.3671,474300.07,646895.834
696,000001.SZ,20200608,13.68,13.85,13.58,13.62,13.59,0.03,0.2208,585971.9,802115.792
697,000001.SZ,20200605,13.6,13.62,13.43,13.59,13.57,0.02,0.1474,383026.9,517232.135
698,000001.SZ,20200604,13.53,13.64,13.41,13.57,13.54,0.03,0.2216,583066.33,788707.63
699,000001.SZ,20200603,13.64,13.88,13.5,13.54,13.55,-0.01,-0.0738,956803.08,1308782.294
700,000001.SZ,20200602,13.29,13.63,13.28,13.55,13.32,0.23,1.7267,883458.88,1194375.822
701,000001.SZ,20200601,13.1,13.39,13.08,13.32,13.0,0.32,2.4615,882960.55,1173619.006
702,000001.SZ,20200529,13.01,13.04,12.92,13.0,13.07,-0.07,-0.5356,457808.22,594502.123
703,000001.SZ,20200528,12.87,13.18,12.81,13.07,12.78,0.29,2.2692,960760.31,1255226.999
704,000001.SZ,20200527,13.05,13.19,12.96,13.0,13.04,-0.04,-0.3067,482962.94,630305.864
705,000001.SZ,20200526,13.02,13.07,12.94,13.04,12.96,0.08,0.6173,396212.4,515451.849
706,000001.SZ,20200525,12.97,12.98,12.76,12.96,12.92,0.04,0.3096,410170.78,528769.352
707,000001.SZ,20200522,13.33,13.34,12.92,12.92,13.4,-0.48,-3.5821,856237.33,1119433.491
708,000001.SZ,20200521,13.52,13.57,13.36,13.4,13.51,-0.11,-0.8142,552312.0,742797.057
709,000001.SZ,20200520,13.38,13.62,13.27,13.51,13.36,0.15,1.1228,690851.07,929928.885
710,000001.SZ,20200519,13.41,13.45,13.27,13.36,13.2,0.16,1.2121,600368.64,801755.671
711,000001.SZ,20200518,13.2,13.34,13.12,13.2,13.23,-0.03,-0.2268,637208.57,843479.669
712,000001.SZ,20200515,13.39,13.43,13.14,13.23,13.3,-0.07,-0.5263,756794.47,1004313.267
713,000001.SZ,20200514,13.55,13.59,13.22,13.3,13.63,-0.33,-2.4211,944672.09,1259440.848
714,000001.SZ,20200513,13.75,13.78,13.53,13.63,13.79,-0.16,-1.1603,640358.79,871062.043
715,000001.SZ,20200512,13.95,14.05,13.72,13.79,14.0,-0.21,-1.5,558511.14,772109.502
716,000001.SZ,20200511,13.92,14.13,13.9,14.0,13.95,0.05,0.3584,612862.29,859156.594
717,000001.SZ,20200508,13.76,14.02,13.68,13.95,13.69,0.26,1.8992,934781.7,1297924.588
718,000001.SZ,20200507,13.76,13.76,13.6,13.69,13.77,-0.08,-0.581,662749.23,904349.531
719,000001.SZ,20200506,13.76,13.89,13.61,13.77,13.93,-0.16,-1.1486,1008998.02,1382727.481
720,000001.SZ,20200430,14.02,14.32,13.88,13.93,14.02,-0.09,-0.6419,819540.43,1155968.238
721,000001.SZ,20200429,13.48,14.1,13.45,14.02,13.52,0.5,3.6982,1108722.39,1541638.203
722,000001.SZ,20200428,13.45,13.56,13.27,13.52,13.5,0.02,0.1481,771564.17,1038718.08
723,000001.SZ,20200427,13.3,13.64,13.25,13.5,13.24,0.26,1.9637,936829.9,1263809.737
724,000001.SZ,20200424,13.17,13.28,13.11,13.24,13.23,0.01,0.0756,566001.61,747473.77
725,000001.SZ,20200423,13.23,13.31,13.11,13.23,13.23,0.0,0.0,646989.63,855052.11
726,000001.SZ,20200422,13.37,13.42,13.16,13.23,13.45,-0.22,-1.6357,1032802.74,1368222.854
727,000001.SZ,20200421,13.3,13.7,13.3,13.45,12.99,0.46,3.5412,2122448.34,2861879.086
728,000001.SZ,20200420,12.86,13.05,12.77,12.99,12.89,0.1,0.7758,818455.83,1058524.019
729,000001.SZ,20200417,12.77,13.04,12.65,12.89,12.68,0.21,1.6562,1331164.77,1713215.766
730,000001.SZ,20200416,12.79,12.79,12.54,12.68,12.87,-0.19,-1.4763,789154.98,997623.816
731,000001.SZ,20200415,12.86,12.93,12.78,12.87,12.86,0.01,0.0778,656396.4,843649.273
732,000001.SZ,20200414,12.65,12.86,12.57,12.86,12.59,0.27,2.1446,686086.87,874856.562
733,000001.SZ,20200413,12.67,12.71,12.47,12.59,12.79,-0.2,-1.5637,446214.4,562008.05
734,000001.SZ,20200410,12.76,12.98,12.65,12.79,12.74,0.05,0.3925,666674.95,853689.95
735,000001.SZ,20200409,12.88,12.89,12.72,12.74,12.78,-0.04,-0.313,408553.77,522027.888
736,000001.SZ,20200408,12.88,12.92,12.72,12.78,12.88,-0.1,-0.7764,528716.14,676604.872
737,000001.SZ,20200407,12.89,12.94,12.81,12.88,12.61,0.27,2.1412,870313.71,1121200.115
738,000001.SZ,20200403,12.82,12.89,12.55,12.61,12.97,-0.36,-2.7756,825348.14,1047282.4
739,000001.SZ,20200402,12.75,12.97,12.66,12.97,12.89,0.08,0.6206,518365.04,663197.628
740,000001.SZ,20200401,12.86,13.13,12.82,12.89,12.8,0.09,0.7031,520836.04,676070.117
741,000001.SZ,20200331,13.05,13.09,12.78,12.8,12.94,-0.14,-1.0819,513370.3,662915.471
742,000001.SZ,20200330,12.85,13.04,12.76,12.94,13.15,-0.21,-1.597,661738.79,852956.24
743,000001.SZ,20200327,13.25,13.38,13.08,13.15,13.06,0.09,0.6891,653018.88,861618.663
744,000001.SZ,20200326,12.78,13.34,12.72,13.06,12.87,0.19,1.4763,1075192.43,1408651.057
745,000001.SZ,20200325,12.88,13.07,12.7,12.87,12.61,0.26,2.0619,1136957.74,1467534.956
746,000001.SZ,20200324,12.4,12.68,12.27,12.61,12.15,0.46,3.786,1180200.26,1472909.399
747,000001.SZ,20200323,12.0,12.35,11.93,12.15,12.52,-0.37,-2.9553,1071113.64,1300469.494
748,000001.SZ,20200320,12.4,12.68,12.26,12.52,12.23,0.29,2.3712,1578352.96,1967487.818
749,000001.SZ,20200319,12.68,12.74,11.91,12.23,12.71,-0.48,-3.7766,1891457.13,2313863.663
750,000001.SZ,20200318,13.41,13.55,12.65,12.71,13.41,-0.7,-5.22,1384784.37,1816836.893
751,000001.SZ,20200317,13.75,13.97,13.13,13.41,13.75,-0.34,-2.4727,1177849.06,1582506.075
752,000001.SZ,20200316,14.45,14.46,13.75,13.75,14.52,-0.77,-5.303,1406202.18,1975824.191
753,000001.SZ,20200313,13.9,14.58,13.9,14.52,14.68,-0.16,-1.0899,1169765.8,1669009.835
754,000001.SZ,20200312,14.65,14.84,14.53,14.68,14.69,-0.01,-0.0681,986497.11,1447436.641
755,000001.SZ,20200311,14.77,14.88,14.62,14.69,14.76,-0.07,-0.4743,814381.64,1201250.682
756,000001.SZ,20200310,14.38,14.85,14.38,14.76,14.45,0.31,2.1453,1167864.97,1709084.565
757,000001.SZ,20200309,14.71,14.73,14.42,14.45,15.03,-0.58,-3.8589,1665793.54,2420392.13
758,000001.SZ,20200306,15.18,15.27,15.02,15.03,15.39,-0.36,-2.3392,1228531.03,1858691.259
759,000001.SZ,20200305,14.8,15.64,14.73,15.39,14.69,0.7,4.7651,2686602.34,4089493.523
760,000001.SZ,20200304,14.68,14.78,14.51,14.69,14.72,-0.03,-0.2038,862595.23,1261123.063
761,000001.SZ,20200303,14.96,14.99,14.63,14.72,14.79,-0.07,-0.4733,1153584.32,1705816.271
762,000001.SZ,20200302,14.55,14.95,14.46,14.79,14.5,0.29,2.0,1116580.66,1647432.269
763,000001.SZ,20200228,14.85,15.04,14.46,14.5,15.11,-0.61,-4.0371,1300644.45,1906892.413
764,000001.SZ,20200227,14.96,15.15,14.89,15.11,14.99,0.12,0.8005,975270.9,1464605.739
765,000001.SZ,20200226,14.77,15.27,14.7,14.99,15.04,-0.05,-0.3324,1176599.15,1769612.245
766,000001.SZ,20200225,15.0,15.13,14.78,15.04,15.23,-0.19,-1.2475,1144575.02,1710369.786
767,000001.SZ,20200224,15.46,15.46,15.15,15.23,15.58,-0.35,-2.2465,1191794.5,1820183.854
768,000001.SZ,20200221,15.49,15.72,15.45,15.58,15.59,-0.01,-0.0641,995071.02,1546692.93
769,000001.SZ,20200220,15.27,15.62,15.1,15.59,15.24,0.35,2.2966,1235444.34,1897923.029
770,000001.SZ,20200219,15.1,15.37,15.08,15.24,15.2,0.04,0.2632,874106.93,1333730.218
771,000001.SZ,20200218,15.33,15.33,15.01,15.2,15.37,-0.17,-1.1061,973612.35,1478274.222
772,000001.SZ,20200217,15.04,15.37,14.93,15.37,15.03,0.34,2.2621,1543696.01,2337993.586
773,000001.SZ,20200214,14.75,15.14,14.7,15.03,14.65,0.38,2.5939,1512434.73,2253906.452
774,000001.SZ,20200213,14.71,14.88,14.61,14.65,14.77,-0.12,-0.8125,1013205.28,1491327.713
775,000001.SZ,20200212,14.79,14.82,14.6,14.77,14.79,-0.02,-0.1352,1070503.21,1573229.042
776,000001.SZ,20200211,14.6,14.94,14.56,14.79,14.5,0.29,2.0,1407507.44,2077194.138
777,000001.SZ,20200210,14.51,14.53,14.3,14.5,14.62,-0.12,-0.8208,1339495.24,1931983.482
778,000001.SZ,20200207,14.6,14.69,14.41,14.62,14.77,-0.15,-1.0156,924852.96,1345053.255
779,000001.SZ,20200206,14.81,14.87,14.51,14.77,14.63,0.14,0.9569,1185815.72,1740107.625
780,000001.SZ,20200205,14.59,14.89,14.32,14.63,14.6,0.03,0.2055,1491380.21,2177632.043
781,000001.SZ,20200204,14.05,14.66,14.02,14.6,13.99,0.61,4.3603,1706172.07,2442932.842
782,000001.SZ,20200203,13.99,14.7,13.99,13.99,15.54,-1.55,-9.9743,2259194.83,3201454.164
783,000001.SZ,20200123,15.92,15.92,15.39,15.54,16.09,-0.55,-3.4183,1100592.07,1723394.336
784,000001.SZ,20200122,15.92,16.16,15.71,16.09,16.0,0.09,0.5625,719464.91,1150933.398
785,000001.SZ,20200121,16.34,16.34,15.93,16.0,16.45,-0.45,-2.7356,896603.1,1442171.431
786,000001.SZ,20200120,16.43,16.61,16.35,16.45,16.39,0.06,0.3661,746074.75,1226464.649
787,000001.SZ,20200117,16.38,16.55,16.35,16.39,16.33,0.06,0.3674,605436.69,995909.007
788,000001.SZ,20200116,16.52,16.57,16.2,16.33,16.52,-0.19,-1.1501,1028104.67,1678888.507
789,000001.SZ,20200115,16.79,16.86,16.45,16.52,16.76,-0.24,-1.432,859439.12,1424889.228
790,000001.SZ,20200114,16.99,17.27,16.76,16.76,16.99,-0.23,-1.3537,1304493.66,2217608.852
791,000001.SZ,20200113,16.75,17.03,16.61,16.99,16.69,0.3,1.7975,872133.36,1468271.683
792,000001.SZ,20200110,16.79,16.81,16.52,16.69,16.79,-0.1,-0.5956,585548.45,975154.818
793,000001.SZ,20200109,16.81,16.93,16.53,16.79,16.66,0.13,0.7803,1031636.65,1725326.806
794,000001.SZ,20200108,17.0,17.05,16.63,16.66,17.15,-0.49,-2.8571,847824.12,1423608.811
795,000001.SZ,20200107,17.13,17.28,16.95,17.15,17.07,0.08,0.4687,728607.56,1247047.135
796,000001.SZ,20200106,17.01,17.34,16.91,17.07,17.18,-0.11,-0.6403,862083.5,1477930.193
797,000001.SZ,20200103,16.94,17.31,16.92,17.18,16.87,0.31,1.8376,1116194.81,1914495.474
798,000001.SZ,20200102,16.65,16.95,16.55,16.87,16.45,0.42,2.5532,1530231.87,2571196.482
799,000001.SZ,20191231,16.57,16.63,16.31,16.45,16.57,-0.12,-0.7242,704442.25,1154704.348
800,000001.SZ,20191230,16.46,16.63,16.1,16.57,16.63,-0.06,-0.3608,976970.31,1603152.786
801,000001.SZ,20191227,16.53,16.93,16.43,16.63,16.47,0.16,0.9715,1042574.72,1741473.179
802,000001.SZ,20191226,16.34,16.48,16.32,16.47,16.3,0.17,1.0429,372033.86,610381.757
803,000001.SZ,20191225,16.45,16.56,16.24,16.3,16.4,-0.1,-0.6098,414917.98,679664.596
804,000001.SZ,20191224,16.23,16.5,16.23,16.4,16.24,0.16,0.9852,459128.42,752351.618
805,000001.SZ,20191223,16.68,16.68,16.17,16.24,16.59,-0.35,-2.1097,715792.72,1173372.08
806,000001.SZ,20191220,16.55,16.68,16.44,16.59,16.55,0.04,0.2417,644478.38,1067869.779
807,000001.SZ,20191219,16.55,16.74,16.44,16.55,16.46,0.09,0.5468,675536.76,1119925.969
808,000001.SZ,20191218,16.43,16.66,16.41,16.46,16.5,-0.04,-0.2424,797091.33,1317608.543
809,000001.SZ,20191217,16.0,16.63,15.98,16.5,16.13,0.37,2.2939,1203104.9,1969891.323
810,000001.SZ,20191216,16.12,16.14,15.87,16.13,16.12,0.01,0.062,787952.34,1262802.471
811,000001.SZ,20191213,15.85,16.12,15.77,16.12,15.6,0.52,3.3333,1053103.81,1680707.282
812,000001.SZ,20191212,15.66,15.67,15.53,15.6,15.66,-0.06,-0.3831,478998.82,747519.511
813,000001.SZ,20191211,15.38,15.68,15.3,15.66,15.33,0.33,2.1526,871505.19,1351786.53
814,000001.SZ,20191210,15.36,15.38,15.25,15.33,15.41,-0.08,-0.5191,556383.88,851377.532
815,000001.SZ,20191209,15.62,15.62,15.35,15.41,15.6,-0.19,-1.2179,605992.89,935135.952
816,000001.SZ,20191206,15.47,15.72,15.46,15.6,15.43,0.17,1.1017,712615.24,1109423.061
817,000001.SZ,20191205,15.35,15.48,15.3,15.43,15.31,0.12,0.7838,557084.46,857682.575
818,000001.SZ,20191204,15.34,15.41,15.21,15.31,15.45,-0.14,-0.9061,524545.27,802110.334
819,000001.SZ,20191203,15.3,15.46,15.21,15.45,15.36,0.09,0.5859,455418.05,700293.548
820,000001.SZ,20191202,15.35,15.43,15.23,15.36,15.29,0.07,0.4578,553877.38,849784.129
821,000001.SZ,20191129,15.54,15.55,15.18,15.29,15.49,-0.2,-1.2912,653866.91,1001451.096
822,000001.SZ,20191128,15.47,15.54,15.44,15.49,15.47,0.02,0.1293,378016.51,585252.046
823,000001.SZ,20191127,15.64,15.64,15.39,15.47,15.62,-0.15,-0.9603,476169.98,736584.294
824,000001.SZ,20191126,15.89,15.89,15.49,15.62,15.8,-0.18,-1.1392,815297.53,1271594.662
825,000001.SZ,20191125,15.64,15.84,15.54,15.8,15.59,0.21,1.347,783257.94,1233388.886
826,000001.SZ,20191122,15.89,15.92,15.55,15.59,15.86,-0.27,-1.7024,773473.54,1216064.537
827,000001.SZ,20191121,15.75,15.87,15.63,15.86,15.85,0.01,0.0631,772563.24,1218516.399
828,000001.SZ,20191120,16.3,16.3,15.77,15.85,16.41,-0.56,-3.4126,1724383.53,2747598.383
829,000001.SZ,20191119,16.45,16.48,16.31,16.41,16.45,-0.04,-0.2432,562120.4,920998.203
830,000001.SZ,20191118,16.35,16.55,16.23,16.45,16.34,0.11,0.6732,557918.41,915983.935
831,000001.SZ,20191115,16.39,16.55,16.24,16.34,16.32,0.02,0.1225,569227.98,933539.572
832,000001.SZ,20191114,16.43,16.48,16.25,16.32,16.33,-0.01,-0.0612,468899.55,767006.342
833,000001.SZ,20191113,16.29,16.46,16.06,16.33,16.33,0.0,0.0,655120.65,1067975.601
834,000001.SZ,20191112,16.29,16.37,16.16,16.33,16.28,0.05,0.3071,516266.4,840769.286
835,000001.SZ,20191111,16.5,16.53,16.2,16.28,16.65,-0.37,-2.2222,953515.63,1556517.253
836,000001.SZ,20191108,16.98,17.02,16.64,16.65,16.89,-0.24,-1.421,849139.24,1421088.326
837,000001.SZ,20191107,16.93,17.07,16.75,16.89,16.96,-0.07,-0.4127,711896.99,1200671.649
838,000001.SZ,20191106,17.06,17.26,16.88,16.96,17.15,-0.19,-1.1079,863325.36,1470233.502
839,000001.SZ,20191105,16.8,17.44,16.79,17.15,16.92,0.23,1.3593,1172485.89,2010924.199
840,000001.SZ,20191104,16.98,17.25,16.77,16.92,16.86,0.06,0.3559,889824.25,1507910.818
841,000001.SZ,20191101,16.35,17.0,16.28,16.86,16.26,0.6,3.69,1254655.44,2096068.96
842,000001.SZ,20191031,16.42,16.47,16.24,16.26,16.43,-0.17,-1.0347,862569.3,1407006.434
843,000001.SZ,20191030,16.8,16.96,16.42,16.43,16.91,-0.48,-2.8386,854317.17,1420644.944
844,000001.SZ,20191029,16.69,16.93,16.56,16.91,16.66,0.25,1.5006,788864.73,1322036.352
845,000001.SZ,20191028,16.98,17.04,16.48,16.66,16.88,-0.22,-1.3033,1070131.13,1780873.358
846,000001.SZ,20191025,16.78,16.96,16.58,16.88,16.87,0.01,0.0593,691435.76,1161100.08
847,000001.SZ,20191024,16.5,17.0,16.44,16.87,16.45,0.42,2.5532,1109214.77,1861032.918
848,000001.SZ,20191023,16.32,16.67,16.23,16.45,16.42,0.03,0.1827,967534.59,1590781.971
849,000001.SZ,20191022,16.91,16.93,16.03,16.42,16.89,-0.47,-2.7827,1883531.43,3072547.165
850,000001.SZ,20191021,16.43,16.97,16.43,16.89,16.51,0.38,2.3016,945952.25,1589276.085
851,000001.SZ,20191018,16.8,17.04,16.43,16.51,16.7,-0.19,-1.1377,1196799.14,1999012.671
852,000001.SZ,20191017,16.9,17.0,16.55,16.7,16.79,-0.09,-0.536,1126182.22,1887045.621
853,000001.SZ,20191016,17.26,17.44,16.63,16.79,17.18,-0.39,-2.2701,1267671.21,2146150.627
854,000001.SZ,20191015,17.25,17.35,16.82,17.18,17.22,-0.04,-0.2323,881955.42,1503633.369
855,000001.SZ,20191014,16.97,17.6,16.92,17.22,16.81,0.41,2.439,1557637.45,2688929.547
856,000001.SZ,20191011,16.2,16.95,16.2,16.81,16.24,0.57,3.5099,1405422.82,2335030.599
857,000001.SZ,20191010,16.27,16.27,15.99,16.24,16.25,-0.01,-0.0615,879746.62,1418751.875
858,000001.SZ,20191009,16.1,16.52,16.02,16.25,16.2,0.05,0.3086,1316693.41,2145061.763
859,000001.SZ,20191008,15.6,16.23,15.6,16.2,15.59,0.61,3.9128,1386676.36,2225024.598
860,000001.SZ,20190930,15.75,15.89,15.57,15.59,15.9,-0.31,-1.9497,1046363.17,1645828.526
861,000001.SZ,20190927,15.85,16.0,15.7,15.9,15.71,0.19,1.2094,1007706.27,1598567.052
862,000001.SZ,20190926,15.86,16.04,15.66,15.71,15.75,-0.04,-0.254,1686592.58,2673096.951
863,000001.SZ,20190925,15.2,15.85,15.19,15.75,15.18,0.57,3.7549,1938892.72,3024598.93
864,000001.SZ,20190924,15.47,15.54,15.18,15.18,15.38,-0.2,-1.3004,1129103.24,1726238.272
865,000001.SZ,20190923,15.34,15.47,15.18,15.38,15.34,0.04,0.2608,1403282.0,2148740.448
866,000001.SZ,20190920,14.95,15.4,14.93,15.34,14.84,0.5,3.3693,2644285.14,4020646.521
867,000001.SZ,20190919,14.48,14.89,14.48,14.84,14.41,0.43,2.984,1884020.83,2777383.508
868,000001.SZ,20190918,14.24,14.48,14.24,14.41,14.24,0.17,1.1938,820436.33,1179079.988
869,000001.SZ,20190917,14.36,14.45,14.18,14.24,14.45,-0.21,-1.4533,882655.75,1261416.554
870,000001.SZ,20190916,14.7,14.72,14.4,14.45,14.68,-0.23,-1.5668,929894.14,1349401.481
871,000001.SZ,20190912,14.66,14.78,14.53,14.68,14.56,0.12,0.8242,1150687.64,1682911.849
872,000001.SZ,20190911,14.6,14.71,14.46,14.56,14.55,0.01,0.0687,818614.21,1192674.258
873,000001.SZ,20190910,14.6,14.64,14.41,14.55,14.69,-0.14,-0.953,796870.64,1155180.739
874,000001.SZ,20190909,14.98,15.0,14.6,14.69,14.81,-0.12,-0.8103,1299839.14,1918042.303
875,000001.SZ,20190906,14.71,14.81,14.62,14.81,14.58,0.23,1.5775,986432.8,1451264.912
876,000001.SZ,20190905,14.56,14.85,14.55,14.58,14.44,0.14,0.9695,1768051.43,2599478.258
877,000001.SZ,20190904,14.32,14.5,14.31,14.44,14.3,0.14,0.979,973964.87,1404037.295
878,000001.SZ,20190903,14.48,14.51,14.25,14.3,14.45,-0.15,-1.0381,858653.65,1230606.485
879,000001.SZ,20190902,14.15,14.5,14.11,14.45,14.16,0.29,2.048,1360201.3,1955673.136
880,000001.SZ,20190830,14.29,14.39,14.1,14.16,14.13,0.03,0.2123,798500.57,1136119.659
881,000001.SZ,20190829,14.22,14.24,14.08,14.13,14.27,-0.14,-0.9811,609034.34,861177.482
882,000001.SZ,20190828,14.26,14.28,14.05,14.27,14.31,-0.04,-0.2795,829657.68,1176329.095
883,000001.SZ,20190827,14.36,14.48,14.24,14.31,14.25,0.06,0.4211,1356713.37,1948127.123
884,000001.SZ,20190826,14.42,14.5,14.15,14.25,14.65,-0.4,-2.7304,1415122.54,2018498.039
885,000001.SZ,20190823,14.37,14.74,14.35,14.65,14.31,0.34,2.376,1636867.68,2388239.081
886,000001.SZ,20190822,14.4,14.45,14.2,14.31,14.45,-0.14,-0.9689,1353071.58,1935208.499
887,000001.SZ,20190821,14.87,14.89,14.38,14.45,14.99,-0.54,-3.6024,1990131.95,2902251.1
888,000001.SZ,20190820,14.92,15.2,14.77,14.99,14.92,0.07,0.4692,1921041.5,2872304.2
889,000001.SZ,20190819,14.91,14.94,14.52,14.92,14.9,0.02,0.1342,2292956.13,3368207.935
890,000001.SZ,20190816,15.09,15.14,14.78,14.9,14.94,-0.04,-0.2677,986902.93,1474900.257
891,000001.SZ,20190815,14.64,14.96,14.6,14.94,14.97,-0.03,-0.2004,897376.26,1333117.725
892,000001.SZ,20190814,15.14,15.22,14.8,14.97,14.89,0.08,0.5373,1360546.54,2038261.151
893,000001.SZ,20190813,15.0,15.08,14.74,14.89,15.12,-0.23,-1.5212,1293736.44,1925835.288
894,000001.SZ,20190812,14.61,15.12,14.6,15.12,14.52,0.6,4.1322,2733425.47,4084497.902
895,000001.SZ,20190809,14.55,14.85,14.43,14.52,14.38,0.14,0.9736,2060575.13,3021884.306
896,000001.SZ,20190808,13.9,14.5,13.85,14.38,13.54,0.84,6.2038,2330715.04,3313302.1
897,000001.SZ,20190807,13.49,13.64,13.37,13.54,13.37,0.17,1.2715,793038.99,1070736.943
898,000001.SZ,20190806,13.1,13.46,13.03,13.37,13.35,0.02,0.1498,882499.13,1166971.469
899,000001.SZ,20190805,13.6,13.64,13.27,13.35,13.74,-0.39,-2.8384,893082.42,1201885.399
900,000001.SZ,20190802,13.77,13.88,13.66,13.74,14.1,-0.36,-2.5532,969926.46,1333400.773
901,000001.SZ,20190801,14.06,14.19,13.94,14.1,14.13,-0.03,-0.2123,527981.28,742308.285
902,000001.SZ,20190731,14.3,14.32,14.08,14.13,14.37,-0.24,-1.6701,634723.48,899227.865
903,000001.SZ,20190730,14.31,14.55,14.29,14.37,14.29,0.08,0.5598,796634.32,1148582.412
904,000001.SZ,20190729,14.25,14.45,14.18,14.29,14.23,0.06,0.4216,715576.19,1023261.763
905,000001.SZ,20190726,14.18,14.25,14.08,14.23,14.2,0.03,0.2113,635305.71,901074.107
906,000001.SZ,20190725,13.92,14.27,13.85,14.2,13.88,0.32,2.3055,1087826.41,1534889.645
907,000001.SZ,20190724,13.87,14.01,13.79,13.88,13.76,0.12,0.8721,570276.22,793387.782
908,000001.SZ,20190723,13.86,13.87,13.65,13.76,13.85,-0.09,-0.6498,504004.23,692328.447
909,000001.SZ,20190722,13.96,14.02,13.76,13.85,13.99,-0.14,-1.0007,582283.3,807249.426
910,000001.SZ,20190719,13.74,14.08,13.68,13.99,13.67,0.32,2.3409,866390.7,1207316.526
911,000001.SZ,20190718,13.65,13.81,13.56,13.67,13.69,-0.02,-0.1461,422826.22,578067.487
912,000001.SZ,20190717,13.7,13.81,13.61,13.69,13.75,-0.06,-0.4364,410020.63,561944.451
913,000001.SZ,20190716,13.97,13.99,13.71,13.75,14.0,-0.25,-1.7857,722780.79,998151.578
914,000001.SZ,20190715,14.03,14.12,13.84,14.0,14.12,-0.12,-0.8499,841282.76,1175798.104
915,000001.SZ,20190712,13.6,14.23,13.58,14.12,13.54,0.58,4.2836,1465366.52,2055749.881
916,000001.SZ,20190711,13.68,13.78,13.53,13.54,13.56,-0.02,-0.1475,484183.14,660588.299
917,000001.SZ,20190710,13.61,13.7,13.49,13.56,13.59,-0.03,-0.2208,358220.79,487071.876
918,000001.SZ,20190709,13.63,13.71,13.44,13.59,13.59,0.0,0.0,494296.11,670391.72
919,000001.SZ,20190708,13.82,13.88,13.45,13.59,13.92,-0.33,-2.3707,778413.9,1061095.712
920,000001.SZ,20190705,13.95,13.98,13.69,13.92,13.99,-0.07,-0.5004,749196.09,1037357.175
921,000001.SZ,20190704,14.01,14.28,13.88,13.99,14.01,-0.02,-0.1428,621292.52,873624.287
922,000001.SZ,20190703,14.18,14.21,13.87,14.01,14.18,-0.17,-1.1989,769078.49,1076744.4
923,000001.SZ,20190702,13.88,14.24,13.86,14.18,13.93,0.25,1.7947,1052744.86,1481211.353
924,000001.SZ,20190701,14.01,14.18,13.87,13.93,13.78,0.15,1.0885,960636.0,1347792.874
925,000001.SZ,20190628,13.73,13.79,13.58,13.78,13.71,0.07,0.5106,498093.69,682679.97
926,000001.SZ,20190627,13.5,13.85,13.45,13.71,13.37,0.34,2.543,925074.94,1270042.461
927,000001.SZ,20190626,13.27,13.5,13.19,13.37,13.29,0.08,0.602,546504.76,731207.282
928,000001.SZ,20190625,13.72,13.72,13.07,13.43,13.69,-0.26,-1.8992,1469227.07,1954855.785
929,000001.SZ,20190624,13.69,13.83,13.61,13.69,13.64,0.05,0.3666,659572.85,904433.349
930,000001.SZ,20190621,13.76,13.87,13.58,13.64,13.8,-0.16,-1.1594,1011129.15,1384099.587
931,000001.SZ,20190620,13.17,13.95,13.12,13.8,13.07,0.73,5.5853,1529191.47,2083209.238
932,000001.SZ,20190619,13.29,13.39,13.01,13.07,12.8,0.27,2.1094,1143226.39,1504997.837
933,000001.SZ,20190618,12.67,12.85,12.59,12.8,12.67,0.13,1.026,483555.12,616237.571
934,000001.SZ,20190617,12.48,12.79,12.48,12.67,12.49,0.18,1.4412,619815.88,786223.58
935,000001.SZ,20190614,12.59,12.69,12.45,12.49,12.59,-0.1,-0.7943,483191.73,606815.214
936,000001.SZ,20190613,12.54,12.68,12.43,12.59,12.57,0.02,0.1591,530000.26,666277.695
937,000001.SZ,20190612,12.63,12.66,12.44,12.57,12.65,-0.08,-0.6324,657310.18,825178.004
938,000001.SZ,20190611,12.34,12.72,12.3,12.65,12.34,0.31,2.5122,1251087.51,1574105.212
939,000001.SZ,20190610,12.01,12.47,11.98,12.34,11.92,0.42,3.5235,1144668.82,1404223.62
940,000001.SZ,20190606,11.97,12.07,11.89,11.92,11.97,-0.05,-0.4177,433665.26,519425.127
941,000001.SZ,20190605,11.97,12.14,11.92,11.97,11.85,0.12,1.0127,748892.31,899331.716
942,000001.SZ,20190604,11.89,11.94,11.6,11.85,11.9,-0.05,-0.4202,974655.34,1147709.578
943,000001.SZ,20190603,12.22,12.33,11.82,11.9,12.18,-0.28,-2.2989,1512719.05,1816591.876
944,000001.SZ,20190531,12.16,12.4,12.11,12.18,12.22,-0.04,-0.3273,686794.39,839375.709
945,000001.SZ,20190530,12.32,12.38,12.11,12.22,12.4,-0.18,-1.4516,646284.65,787801.007
946,000001.SZ,20190529,12.36,12.59,12.26,12.4,12.49,-0.09,-0.7206,666411.5,827828.661
947,000001.SZ,20190528,12.31,12.55,12.26,12.49,12.37,0.12,0.9701,880703.12,1094063.186
948,000001.SZ,20190527,12.21,12.42,11.93,12.37,12.35,0.02,0.1619,1048425.98,1275632.724
949,000001.SZ,20190524,12.35,12.45,12.31,12.35,12.29,0.06,0.4882,495526.2,613106.248
950,000001.SZ,20190523,12.24,12.42,12.14,12.29,12.4,-0.11,-0.8871,666855.43,817850.53
951,000001.SZ,20190522,12.57,12.57,12.32,12.4,12.56,-0.16,-1.2739,506230.72,628437.47
952,000001.SZ,20190521,12.4,12.73,12.36,12.56,12.38,0.18,1.454,731210.51,919191.24
953,000001.SZ,20190520,12.35,12.54,12.25,12.38,12.44,-0.06,-0.4823,786435.18,971222.474
954,000001.SZ,20190517,12.92,12.93,12.36,12.44,12.85,-0.41,-3.1907,965000.85,1208569.909
955,000001.SZ,20190516,12.93,12.99,12.78,12.85,12.92,-0.07,-0.5418,634901.43,816740.932
956,000001.SZ,20190515,12.58,13.11,12.57,12.92,12.49,0.43,3.4428,1103988.51,1417050.112
957,000001.SZ,20190514,12.2,12.75,12.16,12.49,12.3,0.19,1.5447,1182598.19,1477008.362
958,000001.SZ,20190513,12.33,12.54,12.23,12.3,12.68,-0.38,-2.9968,741917.79,916213.719
959,000001.SZ,20190510,12.34,12.75,12.1,12.68,12.16,0.52,4.2763,1192399.08,1489975.624
960,000001.SZ,20190509,12.52,12.58,12.05,12.16,12.6,-0.44,-3.4921,1557151.61,1904905.488
961,000001.SZ,20190508,12.72,12.91,12.5,12.6,12.95,-0.35,-2.7027,975450.81,1236655.982
962,000001.SZ,20190507,13.03,13.09,12.72,12.95,12.87,0.08,0.6216,1072658.41,1386247.078
963,000001.SZ,20190506,13.1,13.35,12.71,12.87,13.85,-0.98,-7.0758,2108667.84,2742409.411
964,000001.SZ,20190430,13.99,14.05,13.59,13.85,14.1,-0.25,-1.773,1116570.27,1542958.577
965,000001.SZ,20190429,13.9,14.33,13.86,14.1,13.79,0.31,2.248,1030695.75,1450714.134
966,000001.SZ,20190426,14.08,14.25,13.7,13.79,14.13,-0.34,-2.4062,1009421.24,1407987.365
967,000001.SZ,20190425,14.38,14.64,14.13,14.13,14.44,-0.31,-2.1468,1111476.37,1597895.217
968,000001.SZ,20190424,14.45,14.6,14.16,14.44,14.07,0.37,2.6297,1949723.63,2811131.027
969,000001.SZ,20190423,14.1,14.2,13.97,14.07,14.15,-0.08,-0.5654,940687.34,1326465.625
970,000001.SZ,20190422,14.6,14.84,14.08,14.15,14.73,-0.58,-3.9375,1322273.9,1899850.004
971,000001.SZ,20190419,14.45,14.8,14.3,14.73,14.34,0.39,2.7197,1246036.09,1814875.936
972,000001.SZ,20190418,14.3,14.37,14.11,14.34,14.35,-0.01,-0.0697,507045.3,721908.8
973,000001.SZ,20190417,14.42,14.59,14.23,14.35,14.58,-0.23,-1.5775,1004109.87,1443493.493
974,000001.SZ,20190416,13.67,14.58,13.55,14.58,13.69,0.89,6.5011,2379375.18,3379550.307
975,000001.SZ,20190415,13.72,14.09,13.66,13.69,13.42,0.27,2.0119,1533890.68,2134708.981
976,000001.SZ,20190412,13.49,13.59,13.21,13.42,13.54,-0.12,-0.8863,774324.64,1035139.673
977,000001.SZ,20190411,13.73,13.96,13.49,13.54,13.73,-0.19,-1.3838,655356.62,897382.236
978,000001.SZ,20190410,13.75,13.88,13.4,13.73,13.81,-0.08,-0.5793,947135.06,1289475.602
979,000001.SZ,20190409,13.87,13.98,13.75,13.81,13.96,-0.15,-1.0745,781332.38,1080549.202
980,000001.SZ,20190408,13.9,14.43,13.72,13.96,13.86,0.1,0.7215,1743176.2,2464536.241
981,000001.SZ,20190404,13.43,14.0,13.43,13.86,13.44,0.42,3.125,2034365.0,2796366.353
982,000001.SZ,20190403,13.21,13.45,13.15,13.44,13.36,0.08,0.5988,792915.79,1056166.231
983,000001.SZ,20190402,13.28,13.48,13.23,13.36,13.18,0.18,1.3657,1100384.04,1466040.987
984,000001.SZ,20190401,12.83,13.55,12.83,13.18,12.82,0.36,2.8081,1951401.19,2588268.668
985,000001.SZ,20190329,12.26,12.82,12.21,12.82,12.22,0.6,4.91,1669506.47,2108295.393
986,000001.SZ,20190328,12.31,12.31,12.1,12.22,12.38,-0.16,-1.2924,732467.44,892530.627
987,000001.SZ,20190327,12.24,12.47,12.18,12.38,12.1,0.28,2.314,922826.8,1138302.657
988,000001.SZ,20190326,12.23,12.29,12.01,12.1,12.11,-0.01,-0.0826,935393.27,1136721.266
989,000001.SZ,20190325,12.4,12.4,12.1,12.11,12.59,-0.48,-3.8125,1179883.26,1445560.16
990,000001.SZ,20190322,12.69,12.74,12.5,12.59,12.69,-0.1,-0.788,713502.06,898629.416
991,000001.SZ,20190321,12.77,12.8,12.58,12.69,12.75,-0.06,-0.4706,860140.8,1092506.482
992,000001.SZ,20190320,12.68,12.88,12.62,12.75,12.79,-0.04,-0.3127,929996.38,1185477.058
993,000001.SZ,20190319,12.92,12.94,12.61,12.79,12.91,-0.12,-0.9295,957196.46,1221118.294
994,000001.SZ,20190318,12.53,12.94,12.32,12.91,12.5,0.41,3.28,1486454.8,1882483.633
995,000001.SZ,20190315,12.34,12.68,12.34,12.5,12.43,0.07,0.5632,1045406.03,1311323.009
996,000001.SZ,20190314,12.33,12.62,12.27,12.43,12.37,0.06,0.485,1057467.9,1316372.926
997,000001.SZ,20190313,12.34,12.55,12.13,12.37,12.36,0.01,0.0809,1269427.16,1568387.543
998,000001.SZ,20190312,12.49,12.64,12.24,12.36,12.32,0.04,0.3247,1411794.92,1757797.25
999,000001.SZ,20190311,12.3,12.49,12.05,12.32,12.3,0.02,0.1626,1157650.77,1416000.379
1000,000001.SZ,20190308,12.49,12.7,12.25,12.3,12.74,-0.44,-3.4537,1778162.1,2214572.416
1001,000001.SZ,20190307,13.06,13.06,12.55,12.74,13.08,-0.34,-2.5994,1782057.31,2274151.007
1002,000001.SZ,20190306,13.06,13.15,12.84,13.08,13.06,0.02,0.1531,1245760.2,1614670.974
1003,000001.SZ,20190305,12.91,13.29,12.84,13.06,12.99,0.07,0.5389,1408422.22,1838251.656
1004,000001.SZ,20190304,12.7,13.38,12.62,12.99,12.76,0.23,1.8025,2456830.39,3195011.702
1005,000001.SZ,20190301,12.48,12.78,12.2,12.76,12.36,0.4,3.2362,1712679.16,2137669.556
1006,000001.SZ,20190228,12.44,12.61,12.27,12.36,12.4,-0.04,-0.3226,1113099.8,1383110.81
1007,000001.SZ,20190227,12.24,12.66,12.15,12.4,12.2,0.2,1.6393,1979013.88,2454404.411
1008,000001.SZ,20190226,12.55,12.57,12.15,12.2,12.55,-0.35,-2.7888,2017544.93,2485673.356
1009,000001.SZ,20190225,11.7,12.64,11.57,12.55,11.54,1.01,8.7522,2824935.02,3415946.86
1010,000001.SZ,20190222,11.35,11.57,11.15,11.54,11.36,0.18,1.5845,1184047.79,1343020.336
1011,000001.SZ,20190221,11.38,11.55,11.28,11.36,11.41,-0.05,-0.4382,754246.48,860591.07
1012,000001.SZ,20190220,11.33,11.53,11.25,11.41,11.27,0.14,1.2422,832629.87,949430.819
1013,000001.SZ,20190219,11.36,11.62,11.24,11.27,11.36,-0.09,-0.7923,1270882.04,1445281.382
1014,000001.SZ,20190218,11.05,11.36,11.04,11.36,10.95,0.41,3.7443,1255522.21,1408279.68
1015,000001.SZ,20190215,11.23,11.23,10.9,10.95,11.25,-0.3,-2.6667,1100127.46,1213914.428
1016,000001.SZ,20190214,11.3,11.33,11.19,11.25,11.38,-0.13,-1.1424,869185.19,977818.097
1017,000001.SZ,20190213,11.19,11.41,11.12,11.38,11.19,0.19,1.6979,1137365.74,1280182.096
1018,000001.SZ,20190212,11.2,11.31,11.03,11.19,11.21,-0.02,-0.1784,959936.9,1071873.084
1019,000001.SZ,20190211,11.08,11.21,10.97,11.21,11.2,0.01,0.0893,801936.63,889951.528
1020,000001.SZ,20190201,11.2,11.25,10.96,11.2,11.1,0.1,0.9009,1014270.07,1127216.186
1021,000001.SZ,20190131,10.98,11.2,10.94,11.1,10.95,0.15,1.3699,831622.75,922602.874
1022,000001.SZ,20190130,10.95,11.18,10.86,10.95,11.0,-0.05,-0.4545,712001.01,785204.571
1023,000001.SZ,20190129,10.96,11.07,10.77,11.0,10.94,0.06,0.5484,826631.1,904847.854
1024,000001.SZ,20190128,11.04,11.14,10.88,10.94,11.0,-0.06,-0.5455,1035909.8,1141853.833
1025,000001.SZ,20190125,10.56,11.04,10.55,11.0,10.52,0.48,4.5627,2108361.85,2299718.224
1026,000001.SZ,20190124,10.4,10.55,10.37,10.52,10.35,0.17,1.6425,679240.88,711495.718
1027,000001.SZ,20190123,10.29,10.47,10.29,10.35,10.28,0.07,0.6809,537876.63,559384.396
1028,000001.SZ,20190122,10.34,10.44,10.26,10.28,10.34,-0.06,-0.5803,424413.57,438991.45
1029,000001.SZ,20190121,10.34,10.47,10.32,10.34,10.43,-0.09,-0.8629,659355.76,684465.646
